protein	Uniref90 representative	full name	descriptions	UniProt Representative link	pfam domains	pfam_links	alignment_path	n_seqs	structure_path
accA	P51371	Acetyl-coenzyme A carboxylase carboxyl transferase subunit alpha	Component of the acetyl coenzyme A carboxylase (ACC) complex. First, biotin carboxylase catalyzes the carboxylation of biotin on its carrier protein (BCCP) and then the CO(2) group is transferred by the carboxyltransferase to acetyl-CoA to form malonyl-CoA	https://www.uniprot.org/uniprotkb/P51371/entry	PF01039,PF03255	https://www.ebi.ac.uk/interpro/entry/pfam/PF01039,https://www.ebi.ac.uk/interpro/entry/pfam/PF03255	/public/downloads/accA.fa	229.0	/public/downloads/accA.cif
accB	P51283	Biotin carboxyl carrier protein of acetyl-CoA carboxylase	This protein is a component of the acetyl coenzyme A carboxylase complex; first, biotin carboxylase catalyzes the carboxylation of the carrier protein and then the transcarboxylase transfers the carboxyl group to form malonyl-CoA	https://www.uniprot.org/uniprotkb/P51283/entry	PF00364,PF00529,PF01597,PF02749,PF13533	https://www.ebi.ac.uk/interpro/entry/pfam/PF00364,https://www.ebi.ac.uk/interpro/entry/pfam/PF00529,https://www.ebi.ac.uk/interpro/entry/pfam/PF01597,https://www.ebi.ac.uk/interpro/entry/pfam/PF02749,https://www.ebi.ac.uk/interpro/entry/pfam/PF13533	/public/downloads/accB.fa	225.0	/public/downloads/accB.cif
accD	Q1XDT9	Acetyl-coenzyme A carboxylase carboxyl transferase subunit beta, chloroplastic	Component of the acetyl coenzyme A carboxylase (ACC) complex. Biotin carboxylase (BC) catalyzes the carboxylation of biotin on its carrier protein (BCCP) and then the CO(2) group is transferred by the transcarboxylase to acetyl-CoA to form malonyl-CoA	https://www.uniprot.org/uniprotkb/Q1XDT9/entry	PF01039	https://www.ebi.ac.uk/interpro/entry/pfam/PF01039	/public/downloads/accD.fa	411.0	/public/downloads/accD.cif
acpP	Q1XDK6	Acyl carrier protein	Carrier of the growing fatty acid chain in fatty acid biosynthesis	https://www.uniprot.org/uniprotkb/Q1XDK6/entry	PF00550	https://www.ebi.ac.uk/interpro/entry/pfam/PF00550	/public/downloads/acpP.fa	412.0	/public/downloads/acpP.cif
acsF	P51277	Magnesium-protoporphyrin IX monomethyl ester [oxidative] cyclase	Catalyzes the formation of the isocyclic ring in chlorophyll biosynthesis. Mediates the cyclase reaction, which results in the formation of divinylprotochlorophyllide (Pchlide) characteristic of all chlorophylls from magnesium-protoporphyrin IX 13-monomethyl ester (MgPMME)	https://www.uniprot.org/uniprotkb/P51277/entry	PF02915	https://www.ebi.ac.uk/interpro/entry/pfam/PF02915	/public/downloads/acsF.fa	332.0	/public/downloads/acsF.cif
apcA	P59856	Allophycocyanin alpha chain	Light-harvesting photosynthetic tetrapyrrole chromophore-protein from the phycobiliprotein complex.	https://www.uniprot.org/uniprotkb/P59856/entry	PF00502	https://www.ebi.ac.uk/interpro/entry/pfam/PF00502	/public/downloads/apcA.fa	264.0	/public/downloads/apcA.cif
apcF_B	P59857,Q1XDS1	Allophycocyanin subunit beta-18 (Allophycocyanin subunit B18)/Allophycocyanin beta chain	Light-harvesting photosynthetic bile pigment-protein from the phycobiliprotein complex. Allophycocyanin has a maximum absorption at approximately 650 nanometers (By similarity).	https://www.uniprot.org/uniprotkb/P59857/entry, https://www.uniprot.org/uniprotkb/Q1XDS1/entry	PF00502	https://www.ebi.ac.uk/interpro/entry/pfam/PF00502	/public/downloads/apcF_B.fa	527.0	/public/downloads/apcF_B.cif
argB	P69365	Acetylglutamate kinase	Catalyzes the ATP-dependent phosphorylation of N-acetyl-L-glutamate	https://www.uniprot.org/uniprotkb/P69365/entry	PF00696	https://www.ebi.ac.uk/interpro/entry/pfam/PF00696	/public/downloads/argB.fa	222.0	/public/downloads/argB.cif
atpA	P51242	ATP synthase subunit alpha, chloroplastic	Produces ATP from ADP in the presence of a proton gradient across the membrane. The alpha chain is a regulatory subunit	https://www.uniprot.org/uniprotkb/P51242/entry	PF00006,PF00306,PF01245,PF02874	https://www.ebi.ac.uk/interpro/entry/pfam/PF00006,https://www.ebi.ac.uk/interpro/entry/pfam/PF00306,https://www.ebi.ac.uk/interpro/entry/pfam/PF01245,https://www.ebi.ac.uk/interpro/entry/pfam/PF02874	/public/downloads/atpA.fa	859.0	/public/downloads/atpA.cif
atpB	P51259	ATP synthase subunit beta, chloroplastic	Produces ATP from ADP in the presence of a proton gradient across the membrane. The catalytic sites are hosted primarily by the beta subunits	https://www.uniprot.org/uniprotkb/P51259/entry	PF00006,PF02874	https://www.ebi.ac.uk/interpro/entry/pfam/PF00006,https://www.ebi.ac.uk/interpro/entry/pfam/PF02874	/public/downloads/atpB.fa	859.0	/public/downloads/atpB.cif
atpD	P51243	ATP synthase subunit delta, chloroplastic	F(1)F(0) ATP synthase produces ATP from ADP in the presence of a proton or sodium gradient. F-type ATPases consist of two structural domains, F(1) containing the extramembraneous catalytic core and F(0) containing the membrane proton channel, linked together by a central stalk and a peripheral stalk. During catalysis, ATP synthesis in the catalytic domain of F(1) is coupled via a rotary mechanism of the central stalk subunits to proton translocation This protein is part of the stalk that links CF(0) to CF(1). It either transmits conformational changes from CF(0) to CF(1) or is implicated in proton conduction	https://www.uniprot.org/uniprotkb/P51243/entry	PF00213	https://www.ebi.ac.uk/interpro/entry/pfam/PF00213	/public/downloads/atpD.fa	504.0	/public/downloads/atpD.cif
atpE	Q1XDM7	ATP synthase epsilon chain, chloroplastic	Produces ATP from ADP in the presence of a proton gradient across the membrane	https://www.uniprot.org/uniprotkb/Q1XDM7/entry	PF00401,PF02823	https://www.ebi.ac.uk/interpro/entry/pfam/PF00401,https://www.ebi.ac.uk/interpro/entry/pfam/PF02823	/public/downloads/atpE.fa	837.0	/public/downloads/atpE.cif
atpF	Q1XDP3	ATP synthase subunit b, chloroplastic	F(1)F(0) ATP synthase produces ATP from ADP in the presence of a proton or sodium gradient. F-type ATPases consist of two structural domains, F(1) containing the extramembraneous catalytic core and F(0) containing the membrane proton channel, linked together by a central stalk and a peripheral stalk. During catalysis, ATP synthesis in the catalytic domain of F(1) is coupled via a rotary mechanism of the central stalk subunits to proton translocation Component of the F(0) channel, it forms part of the peripheral stalk, linking F(1) to F(0)	https://www.uniprot.org/uniprotkb/Q1XDP3/entry	PF00430,PF05405	https://www.ebi.ac.uk/interpro/entry/pfam/PF00430,https://www.ebi.ac.uk/interpro/entry/pfam/PF05405	/public/downloads/atpF.fa	849.0	/public/downloads/atpF.cif
atpG	P51245	ATP synthase subunit b', chloroplastic	F(1)F(0) ATP synthase produces ATP from ADP in the presence of a proton or sodium gradient. F-type ATPases consist of two structural domains, F(1) containing the extramembraneous catalytic core and F(0) containing the membrane proton channel, linked together by a central stalk and a peripheral stalk. During catalysis, ATP synthesis in the catalytic domain of F(1) is coupled via a rotary mechanism of the central stalk subunits to proton translocation Component of the F(0) channel, it forms part of the peripheral stalk, linking F(1) to F(0). The b'-subunit is a diverged and duplicated form of b found in plants and photosynthetic bacteria	https://www.uniprot.org/uniprotkb/P51245/entry	PF00430	https://www.ebi.ac.uk/interpro/entry/pfam/PF00430	/public/downloads/atpG.fa	523.0	/public/downloads/atpG.cif
atpH	P51246	ATP synthase subunit c, chloroplastic	F(1)F(0) ATP synthase produces ATP from ADP in the presence of a proton or sodium gradient. F-type ATPases consist of two structural domains, F(1) containing the extramembraneous catalytic core and F(0) containing the membrane proton channel, linked together by a central stalk and a peripheral stalk. During catalysis, ATP synthesis in the catalytic domain of F(1) is coupled via a rotary mechanism of the central stalk subunits to proton translocation Key component of the F(0) channel; it plays a direct role in translocation across the membrane. A homomeric c-ring of between 10-14 subunits forms the central stalk rotor element with the F(1) delta and epsilon subunits	https://www.uniprot.org/uniprotkb/P51246/entry	PF00137	https://www.ebi.ac.uk/interpro/entry/pfam/PF00137	/public/downloads/atpH.fa	873.0	/public/downloads/atpH.cif
atpI	P51247	ATP synthase subunit a, chloroplastic	Key component of the proton channel; it plays a direct role in the translocation of protons across the membrane	https://www.uniprot.org/uniprotkb/P51247/entry	PF00119	https://www.ebi.ac.uk/interpro/entry/pfam/PF00119	/public/downloads/atpI.fa	851.0	/public/downloads/atpI.cif
bas1_ycf42	A0A6C0W2L2	Putative peroxiredoxin ycf42	Thiol-specific peroxidase that catalyzes the reduction of hydrogen peroxide and organic hydroperoxides to water and alcohols, respectively. Plays a role in cell protection against oxidative stress by detoxifying peroxides	https://www.uniprot.org/uniprotkb/A0A6C0W2L2/entry	PF00578,PF02630,PF08534,PF10417,PF13905	https://www.ebi.ac.uk/interpro/entry/pfam/PF00578,https://www.ebi.ac.uk/interpro/entry/pfam/PF02630,https://www.ebi.ac.uk/interpro/entry/pfam/PF08534,https://www.ebi.ac.uk/interpro/entry/pfam/PF10417,https://www.ebi.ac.uk/interpro/entry/pfam/PF13905	/public/downloads/bas1_ycf42.fa	383.0	/public/downloads/bas1_ycf42.cif
carA	P51201	Carbamoyl phosphate synthase small chain	Small subunit of the glutamine-dependent carbamoyl phosphate synthetase (CPSase). CPSase catalyzes the formation of carbamoyl phosphate from the ammonia moiety of glutamine, carbonate, and phosphate donated by ATP, constituting the first step of 2 biosynthetic pathways, one leading to arginine and/or urea and the other to pyrimidine nucleotides. The small subunit (glutamine amidotransferase) binds and cleaves glutamine to supply the large subunit with the substrate ammonia	https://www.uniprot.org/uniprotkb/P51201/entry	PF00117,PF00988,PF01965,PF07722	https://www.ebi.ac.uk/interpro/entry/pfam/PF00117,https://www.ebi.ac.uk/interpro/entry/pfam/PF00988,https://www.ebi.ac.uk/interpro/entry/pfam/PF01965,https://www.ebi.ac.uk/interpro/entry/pfam/PF07722	/public/downloads/carA.fa	260.0	/public/downloads/carA.cif
cbbX	A0A023HR97	Protein CfxQ homolog	Necessary for the expression of RuBisCO	https://www.uniprot.org/uniprotkb/A0A023HR97/entry	PF00004,PF00158,PF00493,PF00580,PF00910,PF01078,PF01637,PF01695,PF02374,PF03266,PF04851,PF05496,PF05673,PF05707,PF07088,PF07724,PF07728,PF08433,PF09848,PF13173,PF13191,PF13207,PF13238,PF13245,PF13401,PF13521,PF13604	https://www.ebi.ac.uk/interpro/entry/pfam/PF00004,https://www.ebi.ac.uk/interpro/entry/pfam/PF00158,https://www.ebi.ac.uk/interpro/entry/pfam/PF00493,https://www.ebi.ac.uk/interpro/entry/pfam/PF00580,https://www.ebi.ac.uk/interpro/entry/pfam/PF00910,https://www.ebi.ac.uk/interpro/entry/pfam/PF01078,https://www.ebi.ac.uk/interpro/entry/pfam/PF01637,https://www.ebi.ac.uk/interpro/entry/pfam/PF01695,https://www.ebi.ac.uk/interpro/entry/pfam/PF02374,https://www.ebi.ac.uk/interpro/entry/pfam/PF03266,https://www.ebi.ac.uk/interpro/entry/pfam/PF04851,https://www.ebi.ac.uk/interpro/entry/pfam/PF05496,https://www.ebi.ac.uk/interpro/entry/pfam/PF05673,https://www.ebi.ac.uk/interpro/entry/pfam/PF05707,https://www.ebi.ac.uk/interpro/entry/pfam/PF07088,https://www.ebi.ac.uk/interpro/entry/pfam/PF07724,https://www.ebi.ac.uk/interpro/entry/pfam/PF07728,https://www.ebi.ac.uk/interpro/entry/pfam/PF08433,https://www.ebi.ac.uk/interpro/entry/pfam/PF09848,https://www.ebi.ac.uk/interpro/entry/pfam/PF13173,https://www.ebi.ac.uk/interpro/entry/pfam/PF13191,https://www.ebi.ac.uk/interpro/entry/pfam/PF13207,https://www.ebi.ac.uk/interpro/entry/pfam/PF13238,https://www.ebi.ac.uk/interpro/entry/pfam/PF13245,https://www.ebi.ac.uk/interpro/entry/pfam/PF13401,https://www.ebi.ac.uk/interpro/entry/pfam/PF13521,https://www.ebi.ac.uk/interpro/entry/pfam/PF13604	/public/downloads/cbbX.fa	515.0	/public/downloads/cbbX.cif
ccs1	P51363	Cytochrome c biogenesis protein Ccs1	Required during biogenesis of c-type cytochromes (cytochrome c6 and cytochrome f) at the step of heme attachment	https://www.uniprot.org/uniprotkb/P51363/entry	PF05140	https://www.ebi.ac.uk/interpro/entry/pfam/PF05140	/public/downloads/ccs1.fa	553.0	/public/downloads/ccs1.cif
ccsA	Q1XDB8	Cytochrome c biogenesis protein CcsA	Required during biogenesis of c-type cytochromes (cytochrome c6 and cytochrome f) at the step of heme attachment	https://www.uniprot.org/uniprotkb/Q1XDB8/entry	PF01578	https://www.ebi.ac.uk/interpro/entry/pfam/PF01578	/public/downloads/ccsA.fa	832.0	/public/downloads/ccsA.cif
cemA	Q1XDQ5	Potassium/proton antiporter CemA	Contributes to K(+)/H(+) antiport activity by supporting proton efflux to control proton extrusion and homeostasis in chloroplasts in a light-dependent manner to modulate photosynthesis. Prevents excessive induction of non-photochemical quenching (NPQ) under continuous-light conditions. Indirectly promotes efficient inorganic carbon uptake into chloroplasts	https://www.uniprot.org/uniprotkb/Q1XDQ5/entry	PF03040	https://www.ebi.ac.uk/interpro/entry/pfam/PF03040	/public/downloads/cemA.fa	544.0	/public/downloads/cemA.cif
chlB	P51278	Light-independent protochlorophyllide reductase subunit B	Component of the dark-operative protochlorophyllide reductase (DPOR) that uses Mg-ATP and reduced ferredoxin to reduce ring D of protochlorophyllide (Pchlide) to form chlorophyllide a (Chlide). This reaction is light-independent. The NB-protein (ChlN-ChlB) is the catalytic component of the complex	https://www.uniprot.org/uniprotkb/P51278/entry	PF00148,PF08369	https://www.ebi.ac.uk/interpro/entry/pfam/PF00148,https://www.ebi.ac.uk/interpro/entry/pfam/PF08369	/public/downloads/chlB.fa	406.0	/public/downloads/chlB.cif
chlI	P51394	Magnesium-chelatase subunit ChlI	Involved in chlorophyll biosynthesis; introduces a magnesium ion into protoporphyrin IX to yield Mg-protoporphyrin IX	https://www.uniprot.org/uniprotkb/P51394/entry	PF00004,PF00158,PF00493,PF01078,PF05673,PF07726,PF07728,PF13191,PF13401,PF13555	https://www.ebi.ac.uk/interpro/entry/pfam/PF00004,https://www.ebi.ac.uk/interpro/entry/pfam/PF00158,https://www.ebi.ac.uk/interpro/entry/pfam/PF00493,https://www.ebi.ac.uk/interpro/entry/pfam/PF01078,https://www.ebi.ac.uk/interpro/entry/pfam/PF05673,https://www.ebi.ac.uk/interpro/entry/pfam/PF07726,https://www.ebi.ac.uk/interpro/entry/pfam/PF07728,https://www.ebi.ac.uk/interpro/entry/pfam/PF13191,https://www.ebi.ac.uk/interpro/entry/pfam/PF13401,https://www.ebi.ac.uk/interpro/entry/pfam/PF13555	/public/downloads/chlI.fa	738.0	/public/downloads/chlI.cif
chlL	Q1XDV0	Light-independent protochlorophyllide reductase iron-sulfur ATP-binding protein	Component of the dark-operative protochlorophyllide reductase (DPOR) that uses Mg-ATP and reduced ferredoxin to reduce ring D of protochlorophyllide (Pchlide) to form chlorophyllide a (Chlide). This reaction is light-independent. The L component serves as a unique electron donor to the NB-component of the complex, and binds Mg-ATP	https://www.uniprot.org/uniprotkb/Q1XDV0/entry	PF00142,PF01656,PF02374,PF03308,PF09140,PF10609,PF13479,PF13500,PF13614	https://www.ebi.ac.uk/interpro/entry/pfam/PF00142,https://www.ebi.ac.uk/interpro/entry/pfam/PF01656,https://www.ebi.ac.uk/interpro/entry/pfam/PF02374,https://www.ebi.ac.uk/interpro/entry/pfam/PF03308,https://www.ebi.ac.uk/interpro/entry/pfam/PF09140,https://www.ebi.ac.uk/interpro/entry/pfam/PF10609,https://www.ebi.ac.uk/interpro/entry/pfam/PF13479,https://www.ebi.ac.uk/interpro/entry/pfam/PF13500,https://www.ebi.ac.uk/interpro/entry/pfam/PF13614	/public/downloads/chlL.fa	419.0	/public/downloads/chlL.cif
chlN	P51188	Light-independent protochlorophyllide reductase subunit N	Component of the dark-operative protochlorophyllide reductase (DPOR) that uses Mg-ATP and reduced ferredoxin to reduce ring D of protochlorophyllide (Pchlide) to form chlorophyllide a (Chlide). This reaction is light-independent. The NB-protein (ChlN-ChlB) is the catalytic component of the complex	https://www.uniprot.org/uniprotkb/P51188/entry	PF00148	https://www.ebi.ac.uk/interpro/entry/pfam/PF00148	/public/downloads/chlN.fa	421.0	/public/downloads/chlN.cif
clpC	P51332	ATP-dependent Clp protease ATP-binding subunit ClpA homolog	May interact with a ClpP-like protease involved in degradation of denatured proteins in the chloroplast	https://www.uniprot.org/uniprotkb/P51332/entry	PF00004,PF00158,PF00437,PF00910,PF01078,PF01637,PF01695,PF02367,PF02861,PF03193,PF03266,PF04851,PF05272,PF05496,PF05621,PF05673,PF06414,PF07724,PF07726,PF07728,PF08477,PF10431,PF13173,PF13177,PF13191,PF13238,PF13401	https://www.ebi.ac.uk/interpro/entry/pfam/PF00004,https://www.ebi.ac.uk/interpro/entry/pfam/PF00158,https://www.ebi.ac.uk/interpro/entry/pfam/PF00437,https://www.ebi.ac.uk/interpro/entry/pfam/PF00910,https://www.ebi.ac.uk/interpro/entry/pfam/PF01078,https://www.ebi.ac.uk/interpro/entry/pfam/PF01637,https://www.ebi.ac.uk/interpro/entry/pfam/PF01695,https://www.ebi.ac.uk/interpro/entry/pfam/PF02367,https://www.ebi.ac.uk/interpro/entry/pfam/PF02861,https://www.ebi.ac.uk/interpro/entry/pfam/PF03193,https://www.ebi.ac.uk/interpro/entry/pfam/PF03266,https://www.ebi.ac.uk/interpro/entry/pfam/PF04851,https://www.ebi.ac.uk/interpro/entry/pfam/PF05272,https://www.ebi.ac.uk/interpro/entry/pfam/PF05496,https://www.ebi.ac.uk/interpro/entry/pfam/PF05621,https://www.ebi.ac.uk/interpro/entry/pfam/PF05673,https://www.ebi.ac.uk/interpro/entry/pfam/PF06414,https://www.ebi.ac.uk/interpro/entry/pfam/PF07724,https://www.ebi.ac.uk/interpro/entry/pfam/PF07726,https://www.ebi.ac.uk/interpro/entry/pfam/PF07728,https://www.ebi.ac.uk/interpro/entry/pfam/PF08477,https://www.ebi.ac.uk/interpro/entry/pfam/PF10431,https://www.ebi.ac.uk/interpro/entry/pfam/PF13173,https://www.ebi.ac.uk/interpro/entry/pfam/PF13177,https://www.ebi.ac.uk/interpro/entry/pfam/PF13191,https://www.ebi.ac.uk/interpro/entry/pfam/PF13238,https://www.ebi.ac.uk/interpro/entry/pfam/PF13401	/public/downloads/clpC.fa	564.0	/public/downloads/clpC.cif
clpP	P56317	ATP-dependent Clp protease proteolytic subunit	Cleaves peptides in various proteins in a process that requires ATP hydrolysis. Has a chymotrypsin-like activity. Plays a major role in the degradation of misfolded proteins	https://www.uniprot.org/uniprotkb/P56317/entry	PF00574	https://www.ebi.ac.uk/interpro/entry/pfam/PF00574	/public/downloads/clpP.fa	321.0	/public/downloads/clpP.cif
cobA	O19889	Uroporphyrinogen-III C-methyltransferase	Catalyzes the two successive C-2 and C-7 methylation reactions involved in the conversion of uroporphyrinogen III to precorrin-2 via the intermediate formation of precorrin-1. It is a step in the biosynthesis of both cobalamin (vitamin B12) and siroheme	https://www.uniprot.org/uniprotkb/O19889/entry	PF00590	https://www.ebi.ac.uk/interpro/entry/pfam/PF00590	/public/downloads/cobA.fa	12.0	/public/downloads/cobA.cif
cpcA	Q0ZHI5	C-phycocyanin alpha chain	Light-harvesting photosynthetic bile pigment-protein from the phycobiliprotein complex (phycobilisome, PBS). Phycocyanin is the major phycobiliprotein in the PBS rod.	https://www.uniprot.org/uniprotkb/Q0ZHI5/entry	PF00502	https://www.ebi.ac.uk/interpro/entry/pfam/PF00502	/public/downloads/cpcA.fa	267.0	/public/downloads/cpcA.cif
cpcG	Q1XDC2	Phycobilisome rod-core linker polypeptide cpcG	Rod-core linker protein required for attachment of phycocyanin to allophycocyanin in cores of phycobilisomes Linker polypeptides determine the state of aggregation and the location of the disk-shaped phycobiliprotein units within the phycobilisome and modulate their spectroscopic properties in order to mediate a directed and optimal energy transfer	https://www.uniprot.org/uniprotkb/Q1XDC2/entry	PF00427	https://www.ebi.ac.uk/interpro/entry/pfam/PF00427	/public/downloads/cpcG.fa	262.0	/public/downloads/cpcG.cif
cpeA	O49843	R-phycoerythrin alpha chain	Light-harvesting photosynthetic bile pigment-protein from the phycobiliprotein complex.	https://www.uniprot.org/uniprotkb/O49843/entry	PF00502	https://www.ebi.ac.uk/interpro/entry/pfam/PF00502	/public/downloads/cpeA.fa	244.0	/public/downloads/cpeA.cif
cpeB	O36004	R-phycoerythrin beta chain	Light-harvesting photosynthetic tetrapyrrole chromophore-protein from the phycobiliprotein complex.	https://www.uniprot.org/uniprotkb/O36004/entry	PF00502	https://www.ebi.ac.uk/interpro/entry/pfam/PF00502	/public/downloads/cpeB.fa	545.0	/public/downloads/cpeB.cif
cysT	Q9TKU8	Probable sulfate transport system permease protein cysT	Part of the ABC transporter complex cysAWTP (TC 3.A.1.6.1) involved in sulfate/thiosulfate import. Probably responsible for the translocation of the substrate across the membrane (By similarity)	https://www.uniprot.org/uniprotkb/Q9TKU8/entry	PF00528	https://www.ebi.ac.uk/interpro/entry/pfam/PF00528	/public/downloads/cysT.fa	145.0	/public/downloads/cysT.cif
desA	P20388	sn-1 oleoyl-lipid 12-desaturase	Desaturase involved in fatty acid biosynthesis (PubMed:2118597). Introduces a double bond at carbon 12 of oleoyl groups (18:1) attached to the sn-1 position of the glycerol moiety of membrane glycerolipids (PubMed:20377689, PubMed:2118597). This enzyme is involved in chilling tolerance because the phase transition temperature of lipids of cellular membranes depends on the degree of unsaturation of fatty acids of the membrane lipids (PubMed:20377689, PubMed:2118597).	https://www.uniprot.org/uniprotkb/P20388/entry	PF00487	https://www.ebi.ac.uk/interpro/entry/pfam/PF00487	/public/downloads/desA.fa	13.0	/public/downloads/desA.cif
dnaB	P51333	Probable replicative DNA helicase	A replicative DNA helicase, it participates in initiation and elongation during chromosome replication. Travels ahead of the DNA replisome, separating dsDNA into templates for DNA synthesis. A processive ATP-dependent 5'-3' DNA helicase it has DNA-dependent ATPase activity The intein is an endonuclease	https://www.uniprot.org/uniprotkb/P51333/entry	PF00772,PF01695,PF03796,PF06068,PF06745,PF13481	https://www.ebi.ac.uk/interpro/entry/pfam/PF00772,https://www.ebi.ac.uk/interpro/entry/pfam/PF01695,https://www.ebi.ac.uk/interpro/entry/pfam/PF03796,https://www.ebi.ac.uk/interpro/entry/pfam/PF06068,https://www.ebi.ac.uk/interpro/entry/pfam/PF06745,https://www.ebi.ac.uk/interpro/entry/pfam/PF13481	/public/downloads/dnaB.fa	455.0	/public/downloads/dnaB.cif
dnaK	P69376	Chaperone protein dnaK	Acts as a chaperone	https://www.uniprot.org/uniprotkb/P69376/entry	PF00012,PF02782,PF06723,PF11104,PF14450	https://www.ebi.ac.uk/interpro/entry/pfam/PF00012,https://www.ebi.ac.uk/interpro/entry/pfam/PF02782,https://www.ebi.ac.uk/interpro/entry/pfam/PF06723,https://www.ebi.ac.uk/interpro/entry/pfam/PF11104,https://www.ebi.ac.uk/interpro/entry/pfam/PF14450	/public/downloads/dnaK.fa	530.0	/public/downloads/dnaK.cif
dsbD	A0A1Z1M9G1	Thiol:disulfide interchange protein DsbD		https://www.uniprot.org/uniprotkb/A0A1Z1M9G1/entry	PF02683	https://www.ebi.ac.uk/interpro/entry/pfam/PF02683	/public/downloads/dsbD.fa	225.0	/public/downloads/dsbD.cif
fabH	P51196	Beta-ketoacyl-[acyl-carrier-protein] synthase III	Catalyzes the condensation reaction of fatty acid synthesis by the addition to an acyl acceptor of two carbons from malonyl-ACP. Catalyzes the first condensation reaction which initiates fatty acid synthesis and may therefore play a role in governing the total rate of fatty acid production. Possesses both acetoacetyl-ACP synthase and acetyl transacylase activities. Its substrate specificity determines the biosynthesis of branched-chain and/or straight-chain of fatty acids	https://www.uniprot.org/uniprotkb/P51196/entry	PF00195,PF02797,PF08541,PF08545	https://www.ebi.ac.uk/interpro/entry/pfam/PF00195,https://www.ebi.ac.uk/interpro/entry/pfam/PF02797,https://www.ebi.ac.uk/interpro/entry/pfam/PF08541,https://www.ebi.ac.uk/interpro/entry/pfam/PF08545	/public/downloads/fabH.fa	238.0	/public/downloads/fabH.cif
ftrB	P51386	Ferredoxin-thioredoxin reductase, catalytic chain	Catalytic subunit of the ferredoxin-thioredoxin reductase (FTR), which catalyzes the two-electron reduction of thioredoxins by the electrons provided by reduced ferredoxin	https://www.uniprot.org/uniprotkb/P51386/entry	PF02943	https://www.ebi.ac.uk/interpro/entry/pfam/PF02943	/public/downloads/ftrB.fa	336.0	/public/downloads/ftrB.cif
ftsH_ycf46	O19922	ATP-dependent zinc metalloprotease FtsH	Acts as a processive, ATP-dependent zinc metallopeptidase	https://www.uniprot.org/uniprotkb/O19922/entry	PF00004,PF00005,PF00158,PF00308,PF00493,PF00910,PF01078,PF01434,PF01591,PF01695,PF01745,PF01926,PF02367,PF02421,PF02562,PF03215,PF03266,PF03969,PF04851,PF05272,PF05496,PF05621,PF05673,PF05729,PF05872,PF06068,PF06414,PF06745,PF07088,PF07724,PF07726,PF07728,PF08433,PF08477,PF09848,PF10662,PF13086,PF13173,PF13191,PF13207,PF13238,PF13245,PF13401,PF13479,PF13481,PF13521,PF13555,PF13604,PF13671	https://www.ebi.ac.uk/interpro/entry/pfam/PF00004,https://www.ebi.ac.uk/interpro/entry/pfam/PF00005,https://www.ebi.ac.uk/interpro/entry/pfam/PF00158,https://www.ebi.ac.uk/interpro/entry/pfam/PF00308,https://www.ebi.ac.uk/interpro/entry/pfam/PF00493,https://www.ebi.ac.uk/interpro/entry/pfam/PF00910,https://www.ebi.ac.uk/interpro/entry/pfam/PF01078,https://www.ebi.ac.uk/interpro/entry/pfam/PF01434,https://www.ebi.ac.uk/interpro/entry/pfam/PF01591,https://www.ebi.ac.uk/interpro/entry/pfam/PF01695,https://www.ebi.ac.uk/interpro/entry/pfam/PF01745,https://www.ebi.ac.uk/interpro/entry/pfam/PF01926,https://www.ebi.ac.uk/interpro/entry/pfam/PF02367,https://www.ebi.ac.uk/interpro/entry/pfam/PF02421,https://www.ebi.ac.uk/interpro/entry/pfam/PF02562,https://www.ebi.ac.uk/interpro/entry/pfam/PF03215,https://www.ebi.ac.uk/interpro/entry/pfam/PF03266,https://www.ebi.ac.uk/interpro/entry/pfam/PF03969,https://www.ebi.ac.uk/interpro/entry/pfam/PF04851,https://www.ebi.ac.uk/interpro/entry/pfam/PF05272,https://www.ebi.ac.uk/interpro/entry/pfam/PF05496,https://www.ebi.ac.uk/interpro/entry/pfam/PF05621,https://www.ebi.ac.uk/interpro/entry/pfam/PF05673,https://www.ebi.ac.uk/interpro/entry/pfam/PF05729,https://www.ebi.ac.uk/interpro/entry/pfam/PF05872,https://www.ebi.ac.uk/interpro/entry/pfam/PF06068,https://www.ebi.ac.uk/interpro/entry/pfam/PF06414,https://www.ebi.ac.uk/interpro/entry/pfam/PF06745,https://www.ebi.ac.uk/interpro/entry/pfam/PF07088,https://www.ebi.ac.uk/interpro/entry/pfam/PF07724,https://www.ebi.ac.uk/interpro/entry/pfam/PF07726,https://www.ebi.ac.uk/interpro/entry/pfam/PF07728,https://www.ebi.ac.uk/interpro/entry/pfam/PF08433,https://www.ebi.ac.uk/interpro/entry/pfam/PF08477,https://www.ebi.ac.uk/interpro/entry/pfam/PF09848,https://www.ebi.ac.uk/interpro/entry/pfam/PF10662,https://www.ebi.ac.uk/interpro/entry/pfam/PF13086,https://www.ebi.ac.uk/interpro/entry/pfam/PF13173,https://www.ebi.ac.uk/interpro/entry/pfam/PF13191,https://www.ebi.ac.uk/interpro/entry/pfam/PF13207,https://www.ebi.ac.uk/interpro/entry/pfam/PF13238,https://www.ebi.ac.uk/interpro/entry/pfam/PF13245,https://www.ebi.ac.uk/interpro/entry/pfam/PF13401,https://www.ebi.ac.uk/interpro/entry/pfam/PF13479,https://www.ebi.ac.uk/interpro/entry/pfam/PF13481,https://www.ebi.ac.uk/interpro/entry/pfam/PF13521,https://www.ebi.ac.uk/interpro/entry/pfam/PF13555,https://www.ebi.ac.uk/interpro/entry/pfam/PF13604,https://www.ebi.ac.uk/interpro/entry/pfam/PF13671	/public/downloads/ftsH_ycf46.fa	1249.0	/public/downloads/ftsH_ycf46.cif
ftsW	Q9MUM4	Putative peptidoglycan glycosyltransferase FtsW	Could play a role in chloroplast division/peptidoglycan biosynthesis	https://www.uniprot.org/uniprotkb/Q9MUM4/entry	PF01098	https://www.ebi.ac.uk/interpro/entry/pfam/PF01098	/public/downloads/ftsW.fa	15.0	/public/downloads/ftsW.cif
glnB	P51254	Nitrogen regulatory protein P-II	P-II indirectly controls the transcription of the glutamine synthetase gene (glnA). P-II prevents NR-II-catalyzed conversion of NR-I to NR-I-phosphate, the transcriptional activator of glnA. When P-II is uridylylated to P-II-UMP, these events are reversed. When the ratio of Gln to 2-ketoglutarate decreases, P-II is uridylylated to P-II-UMP, which causes the deadenylation of glutamine synthetase, so activating the enzyme (By similarity)	https://www.uniprot.org/uniprotkb/P51254/entry	PF00543	https://www.ebi.ac.uk/interpro/entry/pfam/PF00543	/public/downloads/glnB.fa	24.0	/public/downloads/glnB.cif
gltB	Q1XDB2	Ferredoxin-dependent glutamate synthase		https://www.uniprot.org/uniprotkb/Q1XDB2/entry	PF00310,PF01070,PF01493,PF01645,PF04898	https://www.ebi.ac.uk/interpro/entry/pfam/PF00310,https://www.ebi.ac.uk/interpro/entry/pfam/PF01070,https://www.ebi.ac.uk/interpro/entry/pfam/PF01493,https://www.ebi.ac.uk/interpro/entry/pfam/PF01645,https://www.ebi.ac.uk/interpro/entry/pfam/PF04898	/public/downloads/gltB.fa	256.0	/public/downloads/gltB.cif
groEL	P51349	Chaperonin GroEL, chloroplastic	Together with its co-chaperonin GroES, plays an essential role in assisting protein folding. The GroEL-GroES system forms a nano-cage that allows encapsulation of the non-native substrate proteins and provides a physical environment optimized to promote and accelerate protein folding	https://www.uniprot.org/uniprotkb/P51349/entry	PF00118	https://www.ebi.ac.uk/interpro/entry/pfam/PF00118	/public/downloads/groEL.fa	523.0	/public/downloads/groEL.cif
hisH	Q9TLQ8	Imidazole glycerol phosphate synthase subunit hisH	IGPS catalyzes the conversion of PRFAR and glutamine to IGP, AICAR and glutamate. The HisH subunit catalyzes the hydrolysis of glutamine to glutamate and ammonia as part of the synthesis of IGP and AICAR. The resulting ammonia molecule is channeled to the active site of HisF (By similarity)	https://www.uniprot.org/uniprotkb/Q9TLQ8/entry	PF00117,PF01174,PF03575,PF07685,PF07722,PF13507	https://www.ebi.ac.uk/interpro/entry/pfam/PF00117,https://www.ebi.ac.uk/interpro/entry/pfam/PF01174,https://www.ebi.ac.uk/interpro/entry/pfam/PF03575,https://www.ebi.ac.uk/interpro/entry/pfam/PF07685,https://www.ebi.ac.uk/interpro/entry/pfam/PF07722,https://www.ebi.ac.uk/interpro/entry/pfam/PF13507	/public/downloads/hisH.fa	15.0	/public/downloads/hisH.cif
hlpA	P0AEU7	Chaperone protein Skp	Molecular chaperone that interacts specifically with outer membrane proteins, thus maintaining the solubility of early folding intermediates during passage through the periplasm. Required for the efficient release of OmpA from the inner membrane, the maintenance of its solubility in the periplasm, and, in association with lipopolysaccharide (LPS), for the efficient folding and insertion of OmpA into the outer membrane	https://www.uniprot.org/uniprotkb/P0AEU7/entry	PF00216	https://www.ebi.ac.uk/interpro/entry/pfam/PF00216	/public/downloads/hlpA.fa	35.0	/public/downloads/hlpA.cif
ilvB	Q1XDF6	Acetolactate synthase large subunit		https://www.uniprot.org/uniprotkb/Q1XDF6/entry	PF00205,PF02775,PF02776	https://www.ebi.ac.uk/interpro/entry/pfam/PF00205,https://www.ebi.ac.uk/interpro/entry/pfam/PF02775,https://www.ebi.ac.uk/interpro/entry/pfam/PF02776	/public/downloads/ilvB.fa	369.0	/public/downloads/ilvB.cif
ilvH	Q1XDQ7	Acetolactate synthase small subunit		https://www.uniprot.org/uniprotkb/Q1XDQ7/entry	PF01842,PF10369,PF13291,PF13710	https://www.ebi.ac.uk/interpro/entry/pfam/PF01842,https://www.ebi.ac.uk/interpro/entry/pfam/PF10369,https://www.ebi.ac.uk/interpro/entry/pfam/PF13291,https://www.ebi.ac.uk/interpro/entry/pfam/PF13710	/public/downloads/ilvH.fa	355.0	/public/downloads/ilvH.cif
infA	P56290	Translation initiation factor IF-1, chloroplastic	One of the essential components for the initiation of protein synthesis. Stabilizes the binding of IF-2 and IF-3 on the 30S subunit to which N-formylmethionyl-tRNA(fMet) subsequently binds. Helps modulate mRNA selection, yielding the 30S pre-initiation complex (PIC). Upon addition of the 50S ribosomal subunit IF-1, IF-2 and IF-3 are released leaving the mature 70S translation initiation complex	https://www.uniprot.org/uniprotkb/P56290/entry	PF00575,PF01176	https://www.ebi.ac.uk/interpro/entry/pfam/PF00575,https://www.ebi.ac.uk/interpro/entry/pfam/PF01176	/public/downloads/infA.fa	242.0	/public/downloads/infA.cif
infB	P51257	Translation initiation factor IF-2, chloroplastic	One of the essential components for the initiation of protein synthesis. Protects formylmethionyl-tRNA from spontaneous hydrolysis and promotes its binding to the 30S ribosomal subunits. Also involved in the hydrolysis of GTP during the formation of the 70S ribosomal complex (By similarity).	https://www.uniprot.org/uniprotkb/P51257/entry	PF00009,PF00025,PF00071,PF00350,PF01926,PF02421,PF03029,PF03144,PF03193,PF04760,PF08477,PF10662,PF11987,PF12631	https://www.ebi.ac.uk/interpro/entry/pfam/PF00009,https://www.ebi.ac.uk/interpro/entry/pfam/PF00025,https://www.ebi.ac.uk/interpro/entry/pfam/PF00071,https://www.ebi.ac.uk/interpro/entry/pfam/PF00350,https://www.ebi.ac.uk/interpro/entry/pfam/PF01926,https://www.ebi.ac.uk/interpro/entry/pfam/PF02421,https://www.ebi.ac.uk/interpro/entry/pfam/PF03029,https://www.ebi.ac.uk/interpro/entry/pfam/PF03144,https://www.ebi.ac.uk/interpro/entry/pfam/PF03193,https://www.ebi.ac.uk/interpro/entry/pfam/PF04760,https://www.ebi.ac.uk/interpro/entry/pfam/PF08477,https://www.ebi.ac.uk/interpro/entry/pfam/PF10662,https://www.ebi.ac.uk/interpro/entry/pfam/PF11987,https://www.ebi.ac.uk/interpro/entry/pfam/PF12631	/public/downloads/infB.fa	282.0	/public/downloads/infB.cif
infC	Q1XDQ6	Translation initiation factor IF-3, chloroplastic	IF-3 binds to the 30S ribosomal subunit and shifts the equilibrium between 70S ribosomes and their 50S and 30S subunits in favor of the free subunits, thus enhancing the availability of 30S subunits on which protein synthesis initiation begins	https://www.uniprot.org/uniprotkb/Q1XDQ6/entry	PF00707,PF05198	https://www.ebi.ac.uk/interpro/entry/pfam/PF00707,https://www.ebi.ac.uk/interpro/entry/pfam/PF05198	/public/downloads/infC.fa	264.0	/public/downloads/infC.cif
leuD	Q6B919	3-isopropylmalate dehydratase small subunit		https://www.uniprot.org/uniprotkb/Q6B919/entry	PF00694,PF06434	https://www.ebi.ac.uk/interpro/entry/pfam/PF00694,https://www.ebi.ac.uk/interpro/entry/pfam/PF06434	/public/downloads/leuD.fa	15.0	/public/downloads/leuD.cif
lpxA	Q9TLX4	Acyl-[acyl-carrier-protein]--UDP-N-acetylglucosamine O-acyltransferase	Involved in the biosynthesis of lipid A, a phosphorylated glycolipid that in bacteria anchors the lipopolysaccharide to the outer membrane of the cell. The target for the lipopolysaccharides produced in the chloroplast could either be the cell envelope of the eukaryote or the plastid membrane	https://www.uniprot.org/uniprotkb/Q9TLX4/entry	PF00132,PF13720,PF14602	https://www.ebi.ac.uk/interpro/entry/pfam/PF00132,https://www.ebi.ac.uk/interpro/entry/pfam/PF13720,https://www.ebi.ac.uk/interpro/entry/pfam/PF14602	/public/downloads/lpxA.fa	11.0	/public/downloads/lpxA.cif
menD	A0A5P9RTC7	2-succinyl-5-enolpyruvyl-6-hydroxy-3-cyclohexene-1-carboxylate synthase		https://www.uniprot.org/uniprotkb/A0A5P9RTC7/entry	PF02775,PF02776	https://www.ebi.ac.uk/interpro/entry/pfam/PF02775,https://www.ebi.ac.uk/interpro/entry/pfam/PF02776	/public/downloads/menD.fa	9.0	/public/downloads/menD.cif
menE	A0A5P9RU30	2-succinylbenzoate--CoA ligase		https://www.uniprot.org/uniprotkb/A0A5P9RU30/entry	PF00501,PF13193	https://www.ebi.ac.uk/interpro/entry/pfam/PF00501,https://www.ebi.ac.uk/interpro/entry/pfam/PF13193	/public/downloads/menE.fa	9.0	/public/downloads/menE.cif
menF	Q9TM09	isochorismate synthase		https://www.uniprot.org/uniprotkb/Q9TM09/entry	PF00425	https://www.ebi.ac.uk/interpro/entry/pfam/PF00425	/public/downloads/menF.fa	9.0	/public/downloads/menF.cif
minD	Q9MUM5	Putative septum site-determining protein MinD	ATPase required for the correct placement of the division site	https://www.uniprot.org/uniprotkb/Q9MUM5/entry	PF00142,PF00448,PF01656,PF01695,PF02374,PF03308,PF06564,PF07015,PF09140,PF10609,PF13479,PF13481,PF13500,PF13614	https://www.ebi.ac.uk/interpro/entry/pfam/PF00142,https://www.ebi.ac.uk/interpro/entry/pfam/PF00448,https://www.ebi.ac.uk/interpro/entry/pfam/PF01656,https://www.ebi.ac.uk/interpro/entry/pfam/PF01695,https://www.ebi.ac.uk/interpro/entry/pfam/PF02374,https://www.ebi.ac.uk/interpro/entry/pfam/PF03308,https://www.ebi.ac.uk/interpro/entry/pfam/PF06564,https://www.ebi.ac.uk/interpro/entry/pfam/PF07015,https://www.ebi.ac.uk/interpro/entry/pfam/PF09140,https://www.ebi.ac.uk/interpro/entry/pfam/PF10609,https://www.ebi.ac.uk/interpro/entry/pfam/PF13479,https://www.ebi.ac.uk/interpro/entry/pfam/PF13481,https://www.ebi.ac.uk/interpro/entry/pfam/PF13500,https://www.ebi.ac.uk/interpro/entry/pfam/PF13614	/public/downloads/minD.fa	145.0	/public/downloads/minD.cif
minE	P56350	Putative cell division topological specificity factor	Prevents the cell division inhibition by proteins minC and minD at internal division sites while permitting inhibition at polar sites	https://www.uniprot.org/uniprotkb/P56350/entry	PF03776	https://www.ebi.ac.uk/interpro/entry/pfam/PF03776	/public/downloads/minE.fa	29.0	/public/downloads/minE.cif
mntB	A0A1C9CDW0*	Manganese transport system membrane protein MntB		https://www.uniprot.org/uniprotkb/A0A1C9CDW0/entry	PF00950,PF01032	https://www.ebi.ac.uk/interpro/entry/pfam/PF00950,https://www.ebi.ac.uk/interpro/entry/pfam/PF01032	/public/downloads/mntB.fa	36.0	/public/downloads/mntB.cif
moeB	Q1XDF1	Probable molybdopterin-synthase adenylyltransferase	Catalyzes the adenylation by ATP of the carboxyl group of the C-terminal glycine of sulfur carrier protein moaD	https://www.uniprot.org/uniprotkb/Q1XDF1/entry	PF00581,PF00899,PF01488,PF03435	https://www.ebi.ac.uk/interpro/entry/pfam/PF00581,https://www.ebi.ac.uk/interpro/entry/pfam/PF00899,https://www.ebi.ac.uk/interpro/entry/pfam/PF01488,https://www.ebi.ac.uk/interpro/entry/pfam/PF03435	/public/downloads/moeB.fa	247.0	/public/downloads/moeB.cif
nblA	A0A023HRF9	Uncharacterized protein ycf18		https://www.uniprot.org/uniprotkb/A0A023HRF9/entry	PF04485	https://www.ebi.ac.uk/interpro/entry/pfam/PF04485	/public/downloads/nblA.fa	256.0	/public/downloads/nblA.cif
ndhA	Q32RK2	NAD(P)H-quinone oxidoreductase subunit 1, chloroplastic	NDH shuttles electrons from NAD(P)H:plastoquinone, via FMN and iron-sulfur (Fe-S) centers, to quinones in the photosynthetic chain and possibly in a chloroplast respiratory chain. The immediate electron acceptor for the enzyme in this species is believed to be plastoquinone. Couples the redox reaction to proton translocation, and thus conserves the redox energy in a proton gradient	https://www.uniprot.org/uniprotkb/Q32RK2/entry	PF00146	https://www.ebi.ac.uk/interpro/entry/pfam/PF00146	/public/downloads/ndhA.fa	53.0	/public/downloads/ndhA.cif
ndhB	Q19V78	NAD(P)H-quinone oxidoreductase subunit 2, chloroplastic	NDH shuttles electrons from NAD(P)H:plastoquinone, via FMN and iron-sulfur (Fe-S) centers, to quinones in the photosynthetic chain and possibly in a chloroplast respiratory chain. The immediate electron acceptor for the enzyme in this species is believed to be plastoquinone. Couples the redox reaction to proton translocation, and thus conserves the redox energy in a proton gradient	https://www.uniprot.org/uniprotkb/Q19V78/entry	PF00361	https://www.ebi.ac.uk/interpro/entry/pfam/PF00361	/public/downloads/ndhB.fa	50.0	/public/downloads/ndhB.cif
ndhC	Q9MUQ9	NAD(P)H-quinone oxidoreductase subunit 3, chloroplastic	NDH shuttles electrons from NAD(P)H:plastoquinone, via FMN and iron-sulfur (Fe-S) centers, to quinones in the photosynthetic chain and possibly in a chloroplast respiratory chain. The immediate electron acceptor for the enzyme in this species is believed to be plastoquinone. Couples the redox reaction to proton translocation, and thus conserves the redox energy in a proton gradient	https://www.uniprot.org/uniprotkb/Q9MUQ9/entry	PF00507	https://www.ebi.ac.uk/interpro/entry/pfam/PF00507	/public/downloads/ndhC.fa	44.0	/public/downloads/ndhC.cif
ndhD	Q9TKV8	NAD(P)H-quinone oxidoreductase chain 4, chloroplastic		https://www.uniprot.org/uniprotkb/Q9TKV8/entry	PF00361	https://www.ebi.ac.uk/interpro/entry/pfam/PF00361	/public/downloads/ndhD.fa	55.0	/public/downloads/ndhD.cif
ndhE	Q9MUL4	NAD(P)H-quinone oxidoreductase subunit 4L, chloroplastic	NDH shuttles electrons from NAD(P)H:plastoquinone, via FMN and iron-sulfur (Fe-S) centers, to quinones in the photosynthetic chain and possibly in a chloroplast respiratory chain. The immediate electron acceptor for the enzyme in this species is believed to be plastoquinone. Couples the redox reaction to proton translocation, and thus conserves the redox energy in a proton gradient	https://www.uniprot.org/uniprotkb/Q9MUL4/entry	PF00420	https://www.ebi.ac.uk/interpro/entry/pfam/PF00420	/public/downloads/ndhE.fa	55.0	/public/downloads/ndhE.cif
ndhF	Q9TKV7	NAD(P)H-quinone oxidoreductase subunit 5, chloroplastic	NDH shuttles electrons from NAD(P)H:plastoquinone, via FMN and iron-sulfur (Fe-S) centers, to quinones in the photosynthetic chain and possibly in a chloroplast respiratory chain. The immediate electron acceptor for the enzyme in this species is believed to be plastoquinone. Couples the redox reaction to proton translocation, and thus conserves the redox energy in a proton gradient (By similarity)	https://www.uniprot.org/uniprotkb/Q9TKV7/entry	PF00361,PF00662,PF01010,PF06455	https://www.ebi.ac.uk/interpro/entry/pfam/PF00361,https://www.ebi.ac.uk/interpro/entry/pfam/PF00662,https://www.ebi.ac.uk/interpro/entry/pfam/PF01010,https://www.ebi.ac.uk/interpro/entry/pfam/PF06455	/public/downloads/ndhF.fa	51.0	/public/downloads/ndhF.cif
ndhG	Q32RK0	NAD(P)H-quinone oxidoreductase subunit 6, chloroplastic	NDH shuttles electrons from NAD(P)H:plastoquinone, via FMN and iron-sulfur (Fe-S) centers, to quinones in the photosynthetic chain and possibly in a chloroplast respiratory chain. The immediate electron acceptor for the enzyme in this species is believed to be plastoquinone. Couples the redox reaction to proton translocation, and thus conserves the redox energy in a proton gradient (By similarity)	https://www.uniprot.org/uniprotkb/Q32RK0/entry	PF00499	https://www.ebi.ac.uk/interpro/entry/pfam/PF00499	/public/downloads/ndhG.fa	53.0	/public/downloads/ndhG.cif
ndhH	Q19V59	NAD(P)H-quinone oxidoreductase subunit H, chloroplastic	NDH shuttles electrons from NAD(P)H:plastoquinone, via FMN and iron-sulfur (Fe-S) centers, to quinones in the photosynthetic chain and possibly in a chloroplast respiratory chain. The immediate electron acceptor for the enzyme in this species is believed to be plastoquinone. Couples the redox reaction to proton translocation, and thus conserves the redox energy in a proton gradient	https://www.uniprot.org/uniprotkb/Q19V59/entry	PF00346	https://www.ebi.ac.uk/interpro/entry/pfam/PF00346	/public/downloads/ndhH.fa	52.0	/public/downloads/ndhH.cif
ndhJ	Q32RI4	NAD(P)H-quinone oxidoreductase subunit J, chloroplastic	NDH shuttles electrons from NAD(P)H:plastoquinone, via FMN and iron-sulfur (Fe-S) centers, to quinones in the photosynthetic chain and possibly in a chloroplast respiratory chain. The immediate electron acceptor for the enzyme in this species is believed to be plastoquinone. Couples the redox reaction to proton translocation, and thus conserves the redox energy in a proton gradient	https://www.uniprot.org/uniprotkb/Q32RI4/entry	PF00329	https://www.ebi.ac.uk/interpro/entry/pfam/PF00329	/public/downloads/ndhJ.fa	37.0	/public/downloads/ndhJ.cif
ndhK	A2CI36	NAD(P)H-quinone oxidoreductase subunit K, chloroplastic	NDH shuttles electrons from NAD(P)H:plastoquinone, via FMN and iron-sulfur (Fe-S) centers, to quinones in the photosynthetic chain and possibly in a chloroplast respiratory chain. The immediate electron acceptor for the enzyme in this species is believed to be plastoquinone. Couples the redox reaction to proton translocation, and thus conserves the redox energy in a proton gradient	https://www.uniprot.org/uniprotkb/A2CI36/entry	PF01058	https://www.ebi.ac.uk/interpro/entry/pfam/PF01058	/public/downloads/ndhK.fa	32.0	/public/downloads/ndhK.cif
ntcA	P29283	Global nitrogen regulator		https://www.uniprot.org/uniprotkb/A0A1C9CDR1/entry	PF00027,PF00325,PF01047,PF12802,PF13412,PF13545,PF13730	https://www.ebi.ac.uk/interpro/entry/pfam/PF00027,https://www.ebi.ac.uk/interpro/entry/pfam/PF00325,https://www.ebi.ac.uk/interpro/entry/pfam/PF01047,https://www.ebi.ac.uk/interpro/entry/pfam/PF12802,https://www.ebi.ac.uk/interpro/entry/pfam/PF13412,https://www.ebi.ac.uk/interpro/entry/pfam/PF13545,https://www.ebi.ac.uk/interpro/entry/pfam/PF13730	/public/downloads/ntcA.fa	246.0	/public/downloads/ntcA.cif
odpA	P51267	Pyruvate dehydrogenase E1 component subunit alpha	The pyruvate dehydrogenase complex catalyzes the overall conversion of pyruvate to acetyl-CoA and CO(2). It contains multiple copies of three enzymatic components: pyruvate dehydrogenase (E1), dihydrolipoamide acetyltransferase (E2) and lipoamide dehydrogenase (E3) (By similarity)	https://www.uniprot.org/uniprotkb/P51267/entry	PF00456,PF00676,PF02775	https://www.ebi.ac.uk/interpro/entry/pfam/PF00456,https://www.ebi.ac.uk/interpro/entry/pfam/PF00676,https://www.ebi.ac.uk/interpro/entry/pfam/PF02775	/public/downloads/odpA.fa	261.0	/public/downloads/odpA.cif
odpB	Q1XDM1	Pyruvate dehydrogenase E1 component subunit beta	The pyruvate dehydrogenase complex catalyzes the overall conversion of pyruvate to acetyl-CoA and CO(2). It contains multiple copies of three enzymatic components: pyruvate dehydrogenase (E1), dihydrolipoamide acetyltransferase (E2) and lipoamide dehydrogenase (E3) (By similarity)	https://www.uniprot.org/uniprotkb/Q1XDM1/entry	PF02779,PF02780	https://www.ebi.ac.uk/interpro/entry/pfam/PF02779,https://www.ebi.ac.uk/interpro/entry/pfam/PF02780	/public/downloads/odpB.fa	299.0	/public/downloads/odpB.cif
ompR	A0A126G275	Photosystem II D2 protein	Photosystem II (PSII) is a light-driven water:plastoquinone oxidoreductase that uses light energy to abstract electrons from H(2)O, generating O(2) and a proton gradient subsequently used for ATP formation. It consists of a core antenna complex that captures photons, and an electron transfer chain that converts photonic excitation into a charge separation. The D1/D2 (PsbA/PsbD) reaction center heterodimer binds P680, the primary electron donor of PSII as well as several subsequent electron acceptors. D2 is needed for assembly of a stable PSII complex	https://www.uniprot.org/uniprotkb/A0A126G275/entry	PF00072,PF00196,PF00486,PF04545,PF08281,PF13384,PF13412	https://www.ebi.ac.uk/interpro/entry/pfam/PF00072,https://www.ebi.ac.uk/interpro/entry/pfam/PF00196,https://www.ebi.ac.uk/interpro/entry/pfam/PF00486,https://www.ebi.ac.uk/interpro/entry/pfam/PF04545,https://www.ebi.ac.uk/interpro/entry/pfam/PF08281,https://www.ebi.ac.uk/interpro/entry/pfam/PF13384,https://www.ebi.ac.uk/interpro/entry/pfam/PF13412	/public/downloads/ompR.fa	563.0	/public/downloads/ompR.cif
pbsA	P51271	Heme oxygenase	Catalyzes the opening of the heme ring with the release of iron. Key enzyme in the synthesis of the chromophoric part of the photosynthetic antennae	https://www.uniprot.org/uniprotkb/P51271/entry	PF01126	https://www.ebi.ac.uk/interpro/entry/pfam/PF01126	/public/downloads/pbsA.fa	256.0	/public/downloads/pbsA.cif
petA	P51265	Cytochrome f	Component of the cytochrome b6-f complex, which mediates electron transfer between photosystem II (PSII) and photosystem I (PSI), cyclic electron flow around PSI, and state transitions	https://www.uniprot.org/uniprotkb/P51265/entry	PF01333	https://www.ebi.ac.uk/interpro/entry/pfam/PF01333	/public/downloads/petA.fa	789.0	/public/downloads/petA.cif
petB	Q1XDE6	Cytochrome b6	Component of the cytochrome b6-f complex, which mediates electron transfer between photosystem II (PSII) and photosystem I (PSI), cyclic electron flow around PSI, and state transitions	https://www.uniprot.org/uniprotkb/Q1XDE6/entry	PF00032,PF00033,PF13631	https://www.ebi.ac.uk/interpro/entry/pfam/PF00032,https://www.ebi.ac.uk/interpro/entry/pfam/PF00033,https://www.ebi.ac.uk/interpro/entry/pfam/PF13631	/public/downloads/petB.fa	850.0	/public/downloads/petB.cif
petD	Q1XDE7	Cytochrome b6-f complex subunit 4	Component of the cytochrome b6-f complex, which mediates electron transfer between photosystem II (PSII) and photosystem I (PSI), cyclic electron flow around PSI, and state transitions	https://www.uniprot.org/uniprotkb/Q1XDE7/entry	PF00032	https://www.ebi.ac.uk/interpro/entry/pfam/PF00032	/public/downloads/petD.fa	810.0	/public/downloads/petD.cif
petF	P00242	Ferredoxin	Ferredoxins are iron-sulfur proteins that transfer electrons in a wide variety of metabolic reactions	https://www.uniprot.org/uniprotkb/P00242/entry	PF00111,PF13510	https://www.ebi.ac.uk/interpro/entry/pfam/PF00111,https://www.ebi.ac.uk/interpro/entry/pfam/PF13510	/public/downloads/petF.fa	492.0	/public/downloads/petF.cif
petG	P51318	Cytochrome b6-f complex subunit 5	Component of the cytochrome b6-f complex, which mediates electron transfer between photosystem II (PSII) and photosystem I (PSI), cyclic electron flow around PSI, and state transitions. PetG is required for either the stability or assembly of the cytochrome b6-f complex	https://www.uniprot.org/uniprotkb/P51318/entry	PF02529	https://www.ebi.ac.uk/interpro/entry/pfam/PF02529	/public/downloads/petG.fa	837.0	/public/downloads/petG.cif
petJ	P00111	Cytochrome c6	Functions as an electron carrier between membrane-bound cytochrome b6-f and photosystem I in oxygenic photosynthesis	https://www.uniprot.org/uniprotkb/P00111/entry	PF00034,PF13442	https://www.ebi.ac.uk/interpro/entry/pfam/PF00034,https://www.ebi.ac.uk/interpro/entry/pfam/PF13442	/public/downloads/petJ.fa	349.0	/public/downloads/petJ.cif
petL	P51221	Cytochrome b6-f complex subunit 6	Component of the cytochrome b6-f complex, which mediates electron transfer between photosystem II (PSII) and photosystem I (PSI), cyclic electron flow around PSI, and state transitions. PetL is important for photoautotrophic growth as well as for electron transfer efficiency and stability of the cytochrome b6-f complex	https://www.uniprot.org/uniprotkb/P51221/entry	PF05115	https://www.ebi.ac.uk/interpro/entry/pfam/PF05115	/public/downloads/petL.fa	482.0	/public/downloads/petL.cif
petM	P51275	Cytochrome b6-f complex subunit 7	Component of the cytochrome b6-f complex, which mediates electron transfer between photosystem II (PSII) and photosystem I (PSI), cyclic electron flow around PSI, and state transitions	https://www.uniprot.org/uniprotkb/P51275/entry	PF08041	https://www.ebi.ac.uk/interpro/entry/pfam/PF08041	/public/downloads/petM.fa	496.0	/public/downloads/petM.cif
petN	Q1XDL0	Cytochrome b6-f complex subunit 8	Component of the cytochrome b6-f complex, which mediates electron transfer between photosystem II (PSII) and photosystem I (PSI), cyclic electron flow around PSI, and state transitions	https://www.uniprot.org/uniprotkb/Q1XDL0/entry	PF03742	https://www.ebi.ac.uk/interpro/entry/pfam/PF03742	/public/downloads/petN.fa	562.0	/public/downloads/petN.cif
pgmA	P51379	2,3-bisphosphoglycerate-independent phosphoglycerate mutase	Catalyzes the interconversion of 2-phosphoglycerate and 3-phosphoglycerate	https://www.uniprot.org/uniprotkb/P51379/entry	PF00884,PF01663,PF01676,PF06415	https://www.ebi.ac.uk/interpro/entry/pfam/PF00884,https://www.ebi.ac.uk/interpro/entry/pfam/PF01663,https://www.ebi.ac.uk/interpro/entry/pfam/PF01676,https://www.ebi.ac.uk/interpro/entry/pfam/PF06415	/public/downloads/pgmA.fa	223.0	/public/downloads/pgmA.cif
preA	Q1XDL8	Prenyl transferase	Possible role in synthesis of the nonaprenyl side chain of plastoquinone or in synthesis of other prenyl chains such as undekaprenyl pyrophosphate	https://www.uniprot.org/uniprotkb/Q1XDL8/entry	PF00348	https://www.ebi.ac.uk/interpro/entry/pfam/PF00348	/public/downloads/preA.fa	266.0	/public/downloads/preA.cif
psaA	P51284	Photosystem I P700 chlorophyll a apoprotein A1	PsaA and PsaB bind P700, the primary electron donor of photosystem I (PSI), as well as the electron acceptors A0, A1 and FX. PSI is a plastocyanin/cytochrome c6-ferredoxin oxidoreductase, converting photonic excitation into a charge separation, which transfers an electron from the donor P700 chlorophyll pair to the spectroscopically characterized acceptors A0, A1, FX, FA and FB in turn. Oxidized P700 is reduced on the lumenal side of the thylakoid membrane by plastocyanin or cytochrome c6.	https://www.uniprot.org/uniprotkb/P51284/entry	PF00223	https://www.ebi.ac.uk/interpro/entry/pfam/PF00223	/public/downloads/psaA.fa	865.0	/public/downloads/psaA.cif
psaB	P51285	Photosystem I P700 chlorophyll a apoprotein A2	PsaA and PsaB bind P700, the primary electron donor of photosystem I (PSI), as well as the electron acceptors A0, A1 and FX. PSI is a plastocyanin/cytochrome c6-ferredoxin oxidoreductase, converting photonic excitation into a charge separation, which transfers an electron from the donor P700 chlorophyll pair to the spectroscopically characterized acceptors A0, A1, FX, FA and FB in turn. Oxidized P700 is reduced on the lumenal side of the thylakoid membrane by plastocyanin or cytochrome c6.	https://www.uniprot.org/uniprotkb/P51285/entry	PF00223	https://www.ebi.ac.uk/interpro/entry/pfam/PF00223	/public/downloads/psaB.fa	863.0	/public/downloads/psaB.cif
psaC	P51374	Photosystem I iron-sulfur center	Apoprotein for the two 4Fe-4S centers FA and FB of photosystem I (PSI); essential for photochemical activity. FB is the terminal electron acceptor of PSI, donating electrons to ferredoxin. The C-terminus interacts with PsaA/B/D and helps assemble the protein into the PSI complex. Required for binding of PsaD and PsaE to PSI. PSI is a plastocyanin/cytochrome c6-ferredoxin oxidoreductase, converting photonic excitation into a charge separation, which transfers an electron from the donor P700 chlorophyll pair to the spectroscopically characterized acceptors A0, A1, FX, FA and FB in turn	https://www.uniprot.org/uniprotkb/P51374/entry	PF00037,PF12797,PF12798,PF12800,PF12837,PF12838,PF13183,PF13187,PF13237,PF13484,PF13534,PF13746,PF14697	https://www.ebi.ac.uk/interpro/entry/pfam/PF00037,https://www.ebi.ac.uk/interpro/entry/pfam/PF12797,https://www.ebi.ac.uk/interpro/entry/pfam/PF12798,https://www.ebi.ac.uk/interpro/entry/pfam/PF12800,https://www.ebi.ac.uk/interpro/entry/pfam/PF12837,https://www.ebi.ac.uk/interpro/entry/pfam/PF12838,https://www.ebi.ac.uk/interpro/entry/pfam/PF13183,https://www.ebi.ac.uk/interpro/entry/pfam/PF13187,https://www.ebi.ac.uk/interpro/entry/pfam/PF13237,https://www.ebi.ac.uk/interpro/entry/pfam/PF13484,https://www.ebi.ac.uk/interpro/entry/pfam/PF13534,https://www.ebi.ac.uk/interpro/entry/pfam/PF13746,https://www.ebi.ac.uk/interpro/entry/pfam/PF14697	/public/downloads/psaC.fa	930.0	/public/downloads/psaC.cif
psaD	P51279	Photosystem I reaction center subunit II	PsaD can form complexes with ferredoxin and ferredoxin-oxidoreductase in photosystem I (PS I) reaction center	https://www.uniprot.org/uniprotkb/P51279/entry	PF02531	https://www.ebi.ac.uk/interpro/entry/pfam/PF02531	/public/downloads/psaD.fa	518.0	/public/downloads/psaD.cif
psaE	P69403	Photosystem I reaction center subunit IV	Stabilizes the interaction between PsaC and the PSI core, assists the docking of the ferredoxin to PSI and interacts with ferredoxin-NADP oxidoreductase	https://www.uniprot.org/uniprotkb/P69403/entry	PF02427	https://www.ebi.ac.uk/interpro/entry/pfam/PF02427	/public/downloads/psaE.fa	497.0	/public/downloads/psaE.cif
psaF	Q1XDU4	Photosystem I reaction center subunit III	Probably participates in efficiency of electron transfer from plastocyanin to P700 (or cytochrome c553 in algae and cyanobacteria). This plastocyanin-docking protein contributes to the specific association of plastocyanin to PSI (By similarity)	https://www.uniprot.org/uniprotkb/Q1XDU4/entry	PF02507	https://www.ebi.ac.uk/interpro/entry/pfam/PF02507	/public/downloads/psaF.fa	518.0	/public/downloads/psaF.cif
psaI	P51387	Photosystem I reaction center subunit VIII	May help in the organization of the PsaL subunit	https://www.uniprot.org/uniprotkb/P51387/entry	PF00796	https://www.ebi.ac.uk/interpro/entry/pfam/PF00796	/public/downloads/psaI.fa	707.0	/public/downloads/psaI.cif
psaJ	P51194	Photosystem I reaction center subunit IX	May help in the organization of the PsaE and PsaF subunits	https://www.uniprot.org/uniprotkb/P51194/entry	PF01701	https://www.ebi.ac.uk/interpro/entry/pfam/PF01701	/public/downloads/psaJ.fa	849.0	/public/downloads/psaJ.cif
psaK	P51370	Photosystem I reaction center subunit PsaK		https://www.uniprot.org/uniprotkb/P51370/entry	PF01241	https://www.ebi.ac.uk/interpro/entry/pfam/PF01241	/public/downloads/psaK.fa	288.0	/public/downloads/psaK.cif
psaM	Q1XD92	Photosystem I reaction center subunit XII		https://www.uniprot.org/uniprotkb/Q1XD92/entry	PF07465	https://www.ebi.ac.uk/interpro/entry/pfam/PF07465	/public/downloads/psaM.fa	696.0	/public/downloads/psaM.cif
psb30_ycf12	P56328	Photosystem II reaction center protein Psb30	A core subunit of photosystem II (PSII), probably helps stabilize the reaction center	https://www.uniprot.org/uniprotkb/P56328/entry	PF05969	https://www.ebi.ac.uk/interpro/entry/pfam/PF05969	/public/downloads/psb30_ycf12.fa	802.0	/public/downloads/psb30_ycf12.cif
psbA	P51212	Photosystem II protein D1	Photosystem II (PSII) is a light-driven water:plastoquinone oxidoreductase that uses light energy to abstract electrons from H2O, generating O2 and a proton gradient subsequently used for ATP formation. It consists of a core antenna complex that captures photons, and an electron transfer chain that converts photonic excitation into a charge separation. The D1/D2 (PsbA/PsbD) reaction center heterodimer binds P680, the primary electron donor of PSII as well as several subsequent electron acceptors. D2 is needed for assembly of a stable PSII complex.	https://www.uniprot.org/uniprotkb/P51212/entry	PF00124	https://www.ebi.ac.uk/interpro/entry/pfam/PF00124	/public/downloads/psbA.fa	974.0	/public/downloads/psbA.cif
psbB	Q1XDG4	Photosystem II CP47 reaction center protein	One of the components of the core complex of photosystem II (PSII). It binds chlorophyll and helps catalyze the primary light-induced photochemical processes of PSII. PSII is a light-driven water:plastoquinone oxidoreductase, using light energy to abstract electrons from H(2)O, generating O(2) and a proton gradient subsequently used for ATP formation	https://www.uniprot.org/uniprotkb/Q1XDG4/entry	PF00421	https://www.ebi.ac.uk/interpro/entry/pfam/PF00421	/public/downloads/psbB.fa	847.0	/public/downloads/psbB.cif
psbC	Q1XDD1	Photosystem II CP43 reaction center protein	One of the components of the core complex of photosystem II (PSII). It binds chlorophyll and helps catalyze the primary light-induced photochemical processes of PSII. PSII is a light-driven water:plastoquinone oxidoreductase, using light energy to abstract electrons from H(2)O, generating O(2) and a proton gradient subsequently used for ATP formation	https://www.uniprot.org/uniprotkb/Q1XDD1/entry	PF00421	https://www.ebi.ac.uk/interpro/entry/pfam/PF00421	/public/downloads/psbC.fa	855.0	/public/downloads/psbC.cif
psbD	Q1XDD0	Photosystem II D2 protein	Photosystem II (PSII) is a light-driven water:plastoquinone oxidoreductase that uses light energy to abstract electrons from H2O, generating O2 and a proton gradient subsequently used for ATP formation. It consists of a core antenna complex that captures photons, and an electron transfer chain that converts photonic excitation into a charge separation. The D1/D2 (PsbA/PsbD) reaction center heterodimer binds P680, the primary electron donor of PSII as well as several subsequent electron acceptors. D2 is needed for assembly of a stable PSII complex.	https://www.uniprot.org/uniprotkb/Q1XDD0/entry	PF00124	https://www.ebi.ac.uk/interpro/entry/pfam/PF00124	/public/downloads/psbD.fa	856.0	/public/downloads/psbD.cif
psbE	Q1XD96	Cytochrome b559 subunit alpha	This b-type cytochrome is tightly associated with the reaction center of photosystem II (PSII). PSII is a light-driven water:plastoquinone oxidoreductase that uses light energy to abstract electrons from H(2)O, generating O(2) and a proton gradient subsequently used for ATP formation. It consists of a core antenna complex that captures photons, and an electron transfer chain that converts photonic excitation into a charge separation	https://www.uniprot.org/uniprotkb/Q1XD96/entry	PF00283,PF00284	https://www.ebi.ac.uk/interpro/entry/pfam/PF00283,https://www.ebi.ac.uk/interpro/entry/pfam/PF00284	/public/downloads/psbE.fa	847.0	/public/downloads/psbE.cif
psbF	P51390	Cytochrome b559 subunit beta	This b-type cytochrome is tightly associated with the reaction center of photosystem II (PSII). PSII is a light-driven water:plastoquinone oxidoreductase that uses light energy to abstract electrons from H(2)O, generating O(2) and a proton gradient subsequently used for ATP formation. It consists of a core antenna complex that captures photons, and an electron transfer chain that converts photonic excitation into a charge separation	https://www.uniprot.org/uniprotkb/P51390/entry	PF00283	https://www.ebi.ac.uk/interpro/entry/pfam/PF00283	/public/downloads/psbF.fa	844.0	/public/downloads/psbF.cif
psbH	Q1XDG1	Photosystem II reaction center protein H	One of the components of the core complex of photosystem II (PSII), required for its stability and/or assembly. PSII is a light-driven water:plastoquinone oxidoreductase that uses light energy to abstract electrons from H(2)O, generating O(2) and a proton gradient subsequently used for ATP formation. It consists of a core antenna complex that captures photons, and an electron transfer chain that converts photonic excitation into a charge separation	https://www.uniprot.org/uniprotkb/Q1XDG1/entry	PF00737	https://www.ebi.ac.uk/interpro/entry/pfam/PF00737	/public/downloads/psbH.fa	847.0	/public/downloads/psbH.cif
psbI	P51236	Photosystem II reaction center protein I	One of the components of the core complex of photosystem II (PSII), required for its stability and/or assembly. PSII is a light-driven water:plastoquinone oxidoreductase that uses light energy to abstract electrons from H(2)O, generating O(2) and a proton gradient subsequently used for ATP formation. It consists of a core antenna complex that captures photons, and an electron transfer chain that converts photonic excitation into a charge separation	https://www.uniprot.org/uniprotkb/P51236/entry	PF02532	https://www.ebi.ac.uk/interpro/entry/pfam/PF02532	/public/downloads/psbI.fa	841.0	/public/downloads/psbI.cif
psbJ	P51388	Photosystem II reaction center protein J	One of the components of the core complex of photosystem II (PSII). PSII is a light-driven water:plastoquinone oxidoreductase that uses light energy to abstract electrons from H(2)O, generating O(2) and a proton gradient subsequently used for ATP formation. It consists of a core antenna complex that captures photons, and an electron transfer chain that converts photonic excitation into a charge separation	https://www.uniprot.org/uniprotkb/P51388/entry	PF01788	https://www.ebi.ac.uk/interpro/entry/pfam/PF01788	/public/downloads/psbJ.fa	841.0	/public/downloads/psbJ.cif
psbK	Q1XDH0	Photosystem II reaction center protein K	One of the components of the core complex of photosystem II (PSII). PSII is a light-driven water:plastoquinone oxidoreductase that uses light energy to abstract electrons from H(2)O, generating O(2) and a proton gradient subsequently used for ATP formation. It consists of a core antenna complex that captures photons, and an electron transfer chain that converts photonic excitation into a charge separation	https://www.uniprot.org/uniprotkb/Q1XDH0/entry	PF00453,PF02533	https://www.ebi.ac.uk/interpro/entry/pfam/PF00453,https://www.ebi.ac.uk/interpro/entry/pfam/PF02533	/public/downloads/psbK.fa	838.0	/public/downloads/psbK.cif
psbL	Q1XD98	Photosystem II reaction center protein L	One of the components of the core complex of photosystem II (PSII). PSII is a light-driven water:plastoquinone oxidoreductase that uses light energy to abstract electrons from H(2)O, generating O(2) and a proton gradient subsequently used for ATP formation. It consists of a core antenna complex that captures photons, and an electron transfer chain that converts photonic excitation into a charge separation. This subunit is found at the monomer-monomer interface and is required for correct PSII assembly and/or dimerization	https://www.uniprot.org/uniprotkb/Q1XD98/entry	PF02419	https://www.ebi.ac.uk/interpro/entry/pfam/PF02419	/public/downloads/psbL.fa	837.0	/public/downloads/psbL.cif
psbM	Q9TL37	Photosystem II reaction center protein M	One of the components of the core complex of photosystem II (PSII). PSII is a light-driven water:plastoquinone oxidoreductase that uses light energy to abstract electrons from H(2)O, generating O(2) and a proton gradient subsequently used for ATP formation. It consists of a core antenna complex that captures photons, and an electron transfer chain that converts photonic excitation into a charge separation. This subunit is found at the monomer-monomer interface	https://www.uniprot.org/uniprotkb/Q9TL37/entry	PF05151	https://www.ebi.ac.uk/interpro/entry/pfam/PF05151	/public/downloads/psbM.fa	285.0	/public/downloads/psbM.cif
psbN	Q1XDG2	Protein PsbN	May play a role in photosystem I and II biogenesis	https://www.uniprot.org/uniprotkb/Q1XDG2/entry	PF02468	https://www.ebi.ac.uk/interpro/entry/pfam/PF02468	/public/downloads/psbN.fa	839.0	/public/downloads/psbN.cif
psbT	P51323	Photosystem II reaction center protein T	Found at the monomer-monomer interface of the photosystem II (PS II) dimer, plays a role in assembly and dimerization of PSII. PSII is a light-driven water plastoquinone oxidoreductase, using light energy to abstract electrons from H(2)O, generating a proton gradient subsequently used for ATP formation	https://www.uniprot.org/uniprotkb/P51323/entry	PF01405	https://www.ebi.ac.uk/interpro/entry/pfam/PF01405	/public/downloads/psbT.fa	831.0	/public/downloads/psbT.cif
psbV	P51199	Photosystem II extrinsic protein V	One of the extrinsic, lumenal subunits of photosystem II (PSII). PSII is a light-driven water plastoquinone oxidoreductase, using light energy to abstract electrons from H(2)O, generating a proton gradient subsequently used for ATP formation. The extrinsic proteins stabilize the structure of photosystem II oxygen-evolving complex (OEC), the ion environment of oxygen evolution and protect the OEC against heat-induced inactivation	https://www.uniprot.org/uniprotkb/P51199/entry	PF00034,PF03150,PF13442	https://www.ebi.ac.uk/interpro/entry/pfam/PF00034,https://www.ebi.ac.uk/interpro/entry/pfam/PF03150,https://www.ebi.ac.uk/interpro/entry/pfam/PF13442	/public/downloads/psbV.fa	536.0	/public/downloads/psbV.cif
psbW	P51347	Photosystem II reaction center Psb28 protein		https://www.uniprot.org/uniprotkb/P51347/entry	PF00581,PF03912,PF13476	https://www.ebi.ac.uk/interpro/entry/pfam/PF00581,https://www.ebi.ac.uk/interpro/entry/pfam/PF03912,https://www.ebi.ac.uk/interpro/entry/pfam/PF13476	/public/downloads/psbW.fa	504.0	/public/downloads/psbW.cif
psbX	Q1XDU0	Photosystem II reaction center protein X	Involved in the binding and/or turnover of quinones at the Q(B) site of photosystem II (PSII). PSII is a light-driven water plastoquinone oxidoreductase, using light energy to abstract electrons from H(2)O, generating a proton gradient subsequently used for ATP formation	https://www.uniprot.org/uniprotkb/Q1XDU0/entry	PF06596	https://www.ebi.ac.uk/interpro/entry/pfam/PF06596	/public/downloads/psbX.fa	506.0	/public/downloads/psbX.cif
psbY	Q1XDT1	Photosystem II reaction center protein Y	Loosely associated component of the core of photosystem II (PSII), it is not always seen in crystals. PSII is a light-driven water plastoquinone oxidoreductase, using light energy to abstract electrons from H(2)O, generating a proton gradient subsequently used for ATP formation	https://www.uniprot.org/uniprotkb/Q1XDT1/entry	PF06298	https://www.ebi.ac.uk/interpro/entry/pfam/PF06298	/public/downloads/psbY.fa	588.0	/public/downloads/psbY.cif
psbZ	Q1XDH1	Photosystem II reaction center protein Z	May control the interaction of photosystem II (PSII) cores with the light-harvesting antenna, regulates electron flow through the 2 photosystem reaction centers. PSII is a light-driven water plastoquinone oxidoreductase, using light energy to abstract electrons from H(2)O, generating a proton gradient subsequently used for ATP formation	https://www.uniprot.org/uniprotkb/Q1XDH1/entry	PF01737	https://www.ebi.ac.uk/interpro/entry/pfam/PF01737	/public/downloads/psbZ.fa	782.0	/public/downloads/psbZ.cif
rbcL	P36483	Ribulose bisphosphate carboxylase large chain	RuBisCO catalyzes two reactions: the carboxylation of D-ribulose 1,5-bisphosphate, the primary event in carbon dioxide fixation, as well as the oxidative fragmentation of the pentose substrate in the photorespiration process. Both reactions occur simultaneously and in competition at the same active site	https://www.uniprot.org/uniprotkb/P36483/entry	PF00016,PF02788	https://www.ebi.ac.uk/interpro/entry/pfam/PF00016,https://www.ebi.ac.uk/interpro/entry/pfam/PF02788	/public/downloads/rbcL.fa	866.0	/public/downloads/rbcL.cif
rbcR	P51205	Probable RuBisCO transcriptional regulator	Trans-acting transcriptional regulator of RuBisCO genes (rbcL and rbcS) expression	https://www.uniprot.org/uniprotkb/P51205/entry	PF00126,PF01022,PF01047,PF03466,PF12727,PF12802,PF12840,PF12849,PF13412,PF13556	https://www.ebi.ac.uk/interpro/entry/pfam/PF00126,https://www.ebi.ac.uk/interpro/entry/pfam/PF01022,https://www.ebi.ac.uk/interpro/entry/pfam/PF01047,https://www.ebi.ac.uk/interpro/entry/pfam/PF03466,https://www.ebi.ac.uk/interpro/entry/pfam/PF12727,https://www.ebi.ac.uk/interpro/entry/pfam/PF12802,https://www.ebi.ac.uk/interpro/entry/pfam/PF12840,https://www.ebi.ac.uk/interpro/entry/pfam/PF12849,https://www.ebi.ac.uk/interpro/entry/pfam/PF13412,https://www.ebi.ac.uk/interpro/entry/pfam/PF13556	/public/downloads/rbcR.fa	523.0	/public/downloads/rbcR.cif
rbcS	Q760R8	Ribulose bisphosphate carboxylase small subunit	RuBisCO catalyzes two reactions: the carboxylation of D-ribulose 1,5-bisphosphate, the primary event in carbon dioxide fixation, as well as the oxidative fragmentation of the pentose substrate in the photorespiration process. Both reactions occur simultaneously and in competition at the same active site. Although the small subunit is not catalytic it is essential for maximal activity	https://www.uniprot.org/uniprotkb/Q760R8/entry	PF00101	https://www.ebi.ac.uk/interpro/entry/pfam/PF00101	/public/downloads/rbcS.fa	527.0	/public/downloads/rbcS.cif
rne	Q1XDS6	Ribonuclease E/G-like protein	Involved in intercistronic processing of primary transcripts from chloroplast operons. The endonucleolytic activity of the enzyme depends on the number of phosphates at the 5' end, is inhibited by structured RNA, and preferentially cleaves A/U-rich sequences	https://www.uniprot.org/uniprotkb/Q1XDS6/entry	PF00575,PF10150	https://www.ebi.ac.uk/interpro/entry/pfam/PF00575,https://www.ebi.ac.uk/interpro/entry/pfam/PF10150	/public/downloads/rne.fa	275.0	/public/downloads/rne.cif
rpl1	P51338	Large ribosomal subunit protein uL1c	Binds directly to 23S rRNA. Might be involved in E site tRNA release (Potential)	https://www.uniprot.org/uniprotkb/P51338/entry	PF00687	https://www.ebi.ac.uk/interpro/entry/pfam/PF00687	/public/downloads/rpl1.fa	510.0	/public/downloads/rpl1.cif
rpl11	P51337	Large ribosomal subunit protein uL11c	Forms part of the ribosomal stalk which helps the ribosome interact with GTP-bound translation factors	https://www.uniprot.org/uniprotkb/P51337/entry	PF00298,PF03946	https://www.ebi.ac.uk/interpro/entry/pfam/PF00298,https://www.ebi.ac.uk/interpro/entry/pfam/PF03946	/public/downloads/rpl11.fa	514.0	/public/downloads/rpl11.cif
rpl12	Q1XDE8	Large ribosomal subunit protein bL12c	Forms part of the ribosomal stalk which helps the ribosome interact with GTP-bound translation factors. Is thus essential for accurate translation	https://www.uniprot.org/uniprotkb/Q1XDE8/entry	PF00542	https://www.ebi.ac.uk/interpro/entry/pfam/PF00542	/public/downloads/rpl12.fa	715.0	/public/downloads/rpl12.cif
rpl13	Q1XDJ6	Large ribosomal subunit protein uL13c		https://www.uniprot.org/uniprotkb/Q1XDJ6/entry	PF00572	https://www.ebi.ac.uk/interpro/entry/pfam/PF00572	/public/downloads/rpl13.fa	511.0	/public/downloads/rpl13.cif
rpl14	Q1XDI4	Large ribosomal subunit protein uL14c	Binds to 23S rRNA	https://www.uniprot.org/uniprotkb/Q1XDI4/entry	PF00238	https://www.ebi.ac.uk/interpro/entry/pfam/PF00238	/public/downloads/rpl14.fa	868.0	/public/downloads/rpl14.cif
rpl16	P51307	Large ribosomal subunit protein uL16c		https://www.uniprot.org/uniprotkb/P51307/entry	PF00252	https://www.ebi.ac.uk/interpro/entry/pfam/PF00252	/public/downloads/rpl16.fa	867.0	/public/downloads/rpl16.cif
rpl18	P51299	Large ribosomal subunit protein uL18c	Binds 5S rRNA, forms part of the central protuberance of the 50S subunit	https://www.uniprot.org/uniprotkb/P51299/entry	PF00861	https://www.ebi.ac.uk/interpro/entry/pfam/PF00861	/public/downloads/rpl18.fa	503.0	/public/downloads/rpl18.cif
rpl19	Q1XDF5	Large ribosomal subunit protein bL19c		https://www.uniprot.org/uniprotkb/Q1XDF5/entry	PF01245	https://www.ebi.ac.uk/interpro/entry/pfam/PF01245	/public/downloads/rpl19.fa	700.0	/public/downloads/rpl19.cif
rpl2	Q1XDH7	Large ribosomal subunit protein uL2c		https://www.uniprot.org/uniprotkb/Q1XDH7/entry	PF00181,PF00203,PF03947	https://www.ebi.ac.uk/interpro/entry/pfam/PF00181,https://www.ebi.ac.uk/interpro/entry/pfam/PF00203,https://www.ebi.ac.uk/interpro/entry/pfam/PF03947	/public/downloads/rpl2.fa	877.0	/public/downloads/rpl2.cif
rpl20	Q1XDL7	Large ribosomal subunit protein bL20c	Binds directly to 23S ribosomal RNA and is necessary for the in vitro assembly process of the 50S ribosomal subunit. It is not involved in the protein synthesizing functions of that subunit	https://www.uniprot.org/uniprotkb/Q1XDL7/entry	PF00453	https://www.ebi.ac.uk/interpro/entry/pfam/PF00453	/public/downloads/rpl20.fa	894.0	/public/downloads/rpl20.cif
rpl21	Q1XDS8	Large ribosomal subunit protein bL21c	This protein binds to 23S rRNA	https://www.uniprot.org/uniprotkb/Q1XDS8/entry	PF00829	https://www.ebi.ac.uk/interpro/entry/pfam/PF00829	/public/downloads/rpl21.fa	611.0	/public/downloads/rpl21.cif
rpl22	Q1XDH9	Large ribosomal subunit protein uL22c	This protein binds specifically to 23S rRNA The globular domain of the protein is located near the polypeptide exit tunnel on the outside of the subunit, while an extended beta-hairpin is found that lines the wall of the exit tunnel in the center of the 70S ribosome	https://www.uniprot.org/uniprotkb/Q1XDH9/entry	PF00237	https://www.ebi.ac.uk/interpro/entry/pfam/PF00237	/public/downloads/rpl22.fa	590.0	/public/downloads/rpl22.cif
rpl23	P51312	Large ribosomal subunit protein uL23c	Binds to 23S rRNA	https://www.uniprot.org/uniprotkb/P51312/entry	PF00276	https://www.ebi.ac.uk/interpro/entry/pfam/PF00276	/public/downloads/rpl23.fa	849.0	/public/downloads/rpl23.cif
rpl24	P51303	Large ribosomal subunit protein uL24c	One of two assembly initiator proteins, it binds directly to the 5'-end of the 23S rRNA, where it nucleates assembly of the 50S subunit	https://www.uniprot.org/uniprotkb/P51303/entry	PF00467	https://www.ebi.ac.uk/interpro/entry/pfam/PF00467	/public/downloads/rpl24.fa	485.0	/public/downloads/rpl24.cif
rpl27	P51210	Large ribosomal subunit protein bL27c		https://www.uniprot.org/uniprotkb/P51210/entry	PF01016	https://www.ebi.ac.uk/interpro/entry/pfam/PF01016	/public/downloads/rpl27.fa	560.0	/public/downloads/rpl27.cif
rpl28	Q1XDR3	Large ribosomal subunit protein bL28c		https://www.uniprot.org/uniprotkb/Q1XDR3/entry	PF00830	https://www.ebi.ac.uk/interpro/entry/pfam/PF00830	/public/downloads/rpl28.fa	268.0	/public/downloads/rpl28.cif
rpl29	P51306	Large ribosomal subunit protein uL29c		https://www.uniprot.org/uniprotkb/P51306/entry	PF00831	https://www.ebi.ac.uk/interpro/entry/pfam/PF00831	/public/downloads/rpl29.fa	493.0	/public/downloads/rpl29.cif
rpl3	P51314	Large ribosomal subunit protein uL3c	One of the primary rRNA binding proteins, it binds directly near the 3'-end of the 23S rRNA, where it nucleates assembly of the 50S subunit	https://www.uniprot.org/uniprotkb/P51314/entry	PF00297	https://www.ebi.ac.uk/interpro/entry/pfam/PF00297	/public/downloads/rpl3.fa	527.0	/public/downloads/rpl3.cif
rpl31	P51290	Large ribosomal subunit protein bL31c	Binds the 23S rRNA	https://www.uniprot.org/uniprotkb/P51290/entry	PF01197	https://www.ebi.ac.uk/interpro/entry/pfam/PF01197	/public/downloads/rpl31.fa	521.0	/public/downloads/rpl31.cif
rpl32	Q1XDT0	Large ribosomal subunit protein bL32c		https://www.uniprot.org/uniprotkb/Q1XDT0/entry	PF01783	https://www.ebi.ac.uk/interpro/entry/pfam/PF01783	/public/downloads/rpl32.fa	791.0	/public/downloads/rpl32.cif
rpl33	P51255	Large ribosomal subunit protein bL33c		https://www.uniprot.org/uniprotkb/P51255/entry	PF00471	https://www.ebi.ac.uk/interpro/entry/pfam/PF00471	/public/downloads/rpl33.fa	556.0	/public/downloads/rpl33.cif
rpl34	Q1XDU7	Large ribosomal subunit protein bL34c		https://www.uniprot.org/uniprotkb/Q1XDU7/entry	PF00468	https://www.ebi.ac.uk/interpro/entry/pfam/PF00468	/public/downloads/rpl34.fa	534.0	/public/downloads/rpl34.cif
rpl35	P51270	Large ribosomal subunit protein bL35c		https://www.uniprot.org/uniprotkb/P51270/entry	PF01632	https://www.ebi.ac.uk/interpro/entry/pfam/PF01632	/public/downloads/rpl35.fa	527.0	/public/downloads/rpl35.cif
rpl36	P51296	Large ribosomal subunit protein bL36c		https://www.uniprot.org/uniprotkb/P51296/entry	PF00444	https://www.ebi.ac.uk/interpro/entry/pfam/PF00444	/public/downloads/rpl36.fa	853.0	/public/downloads/rpl36.cif
rpl4	P51313	Large ribosomal subunit protein uL4c	Probably binds the 23S rRNA	https://www.uniprot.org/uniprotkb/P51313/entry	PF00276,PF00573	https://www.ebi.ac.uk/interpro/entry/pfam/PF00276,https://www.ebi.ac.uk/interpro/entry/pfam/PF00573	/public/downloads/rpl4.fa	505.0	/public/downloads/rpl4.cif
rpl5	P51302	Large ribosomal subunit protein uL5c	Binds 5S rRNA, forms part of the central protuberance of the 50S subunit	https://www.uniprot.org/uniprotkb/P51302/entry	PF00281,PF00673	https://www.ebi.ac.uk/interpro/entry/pfam/PF00281,https://www.ebi.ac.uk/interpro/entry/pfam/PF00673	/public/downloads/rpl5.fa	853.0	/public/downloads/rpl5.cif
rpl6	P51300	Large ribosomal subunit protein uL6c	Binds 23S rRNA	https://www.uniprot.org/uniprotkb/P51300/entry	PF00347	https://www.ebi.ac.uk/interpro/entry/pfam/PF00347	/public/downloads/rpl6.fa	527.0	/public/downloads/rpl6.cif
rpl9	P51334	Large ribosomal subunit protein bL9c	Binds to the 23S rRNA	https://www.uniprot.org/uniprotkb/P51334/entry	PF01281,PF03948	https://www.ebi.ac.uk/interpro/entry/pfam/PF01281,https://www.ebi.ac.uk/interpro/entry/pfam/PF03948	/public/downloads/rpl9.fa	290.0	/public/downloads/rpl9.cif
rpoA	Q1XDJ5	DNA-directed RNA polymerase subunit alpha	DNA-dependent RNA polymerase catalyzes the transcription of DNA into RNA using the four ribonucleoside triphosphates as substrates	https://www.uniprot.org/uniprotkb/Q1XDJ5/entry	PF01000,PF01193,PF03118,PF14520	https://www.ebi.ac.uk/interpro/entry/pfam/PF01000,https://www.ebi.ac.uk/interpro/entry/pfam/PF01193,https://www.ebi.ac.uk/interpro/entry/pfam/PF03118,https://www.ebi.ac.uk/interpro/entry/pfam/PF14520	/public/downloads/rpoA.fa	831.0	/public/downloads/rpoA.cif
rpoB	P51252	DNA-directed RNA polymerase subunit beta	DNA-dependent RNA polymerase catalyzes the transcription of DNA into RNA using the four ribonucleoside triphosphates as substrates	https://www.uniprot.org/uniprotkb/P51252/entry	PF00562,PF04560,PF04561,PF04563,PF04565,PF10385	https://www.ebi.ac.uk/interpro/entry/pfam/PF00562,https://www.ebi.ac.uk/interpro/entry/pfam/PF04560,https://www.ebi.ac.uk/interpro/entry/pfam/PF04561,https://www.ebi.ac.uk/interpro/entry/pfam/PF04563,https://www.ebi.ac.uk/interpro/entry/pfam/PF04565,https://www.ebi.ac.uk/interpro/entry/pfam/PF10385	/public/downloads/rpoB.fa	983.0	/public/downloads/rpoB.cif
rpoC1	Q1XDN6	DNA-directed RNA polymerase subunit beta'	DNA-dependent RNA polymerase catalyzes the transcription of DNA into RNA using the four ribonucleoside triphosphates as substrates	https://www.uniprot.org/uniprotkb/Q1XDN6/entry	PF00623,PF04983,PF04997	https://www.ebi.ac.uk/interpro/entry/pfam/PF00623,https://www.ebi.ac.uk/interpro/entry/pfam/PF04983,https://www.ebi.ac.uk/interpro/entry/pfam/PF04997	/public/downloads/rpoC1.fa	866.0	/public/downloads/rpoC1.cif
rpoC2	Q1XDN7	DNA-directed RNA polymerase subunit beta''	DNA-dependent RNA polymerase catalyzes the transcription of DNA into RNA using the four ribonucleoside triphosphates as substrates	https://www.uniprot.org/uniprotkb/Q1XDN7/entry	PF04983,PF04998,PF05000	https://www.ebi.ac.uk/interpro/entry/pfam/PF04983,https://www.ebi.ac.uk/interpro/entry/pfam/PF04998,https://www.ebi.ac.uk/interpro/entry/pfam/PF05000	/public/downloads/rpoC2.fa	863.0	/public/downloads/rpoC2.cif
rpoZ	Q1XDB1	Putative DNA-directed RNA polymerase subunit omega	May be involved in RNA polymerase activity	https://www.uniprot.org/uniprotkb/Q1XDB1/entry	PF01192	https://www.ebi.ac.uk/interpro/entry/pfam/PF01192	/public/downloads/rpoZ.fa	291.0	/public/downloads/rpoZ.cif
rps1	P51345	Small ribosomal subunit protein bS1c		https://www.uniprot.org/uniprotkb/P51345/entry	PF00575	https://www.ebi.ac.uk/interpro/entry/pfam/PF00575	/public/downloads/rps1.fa	300.0	/public/downloads/rps1.cif
rps10	P51286	Small ribosomal subunit protein uS10c	Involved in the binding of tRNA to the ribosomes	https://www.uniprot.org/uniprotkb/P51286/entry	PF00338	https://www.ebi.ac.uk/interpro/entry/pfam/PF00338	/public/downloads/rps10.fa	532.0	/public/downloads/rps10.cif
rps11	P51294	Small ribosomal subunit protein uS11c		https://www.uniprot.org/uniprotkb/P51294/entry	PF00411	https://www.ebi.ac.uk/interpro/entry/pfam/PF00411	/public/downloads/rps11.fa	876.0	/public/downloads/rps11.cif
rps12	P51289	Small ribosomal subunit protein uS12c	With S4 and S5 plays an important role in translational accuracy. Located at the interface of the 30S and 50S subunits (By similarity)	https://www.uniprot.org/uniprotkb/P51289/entry	PF00164	https://www.ebi.ac.uk/interpro/entry/pfam/PF00164	/public/downloads/rps12.fa	873.0	/public/downloads/rps12.cif
rps13	P51295	Small ribosomal subunit protein uS13c	Located at the top of the head of the 30S subunit, it contacts several helices of the 16S rRNA	https://www.uniprot.org/uniprotkb/P51295/entry	PF00416	https://www.ebi.ac.uk/interpro/entry/pfam/PF00416	/public/downloads/rps13.fa	527.0	/public/downloads/rps13.cif
rps14	P51319	Small ribosomal subunit protein uS14c	Binds 16S rRNA, required for the assembly of 30S particles	https://www.uniprot.org/uniprotkb/P51319/entry	PF00253	https://www.ebi.ac.uk/interpro/entry/pfam/PF00253	/public/downloads/rps14.fa	882.0	/public/downloads/rps14.cif
rps16	P51352	Small ribosomal subunit protein bS16c		https://www.uniprot.org/uniprotkb/P51352/entry	PF00886	https://www.ebi.ac.uk/interpro/entry/pfam/PF00886	/public/downloads/rps16.fa	558.0	/public/downloads/rps16.cif
rps17	P51305	Small ribosomal subunit protein uS17c	One of the primary rRNA binding proteins, it binds specifically to the 5'-end of 16S ribosomal RNA	https://www.uniprot.org/uniprotkb/P51305/entry	PF00366	https://www.ebi.ac.uk/interpro/entry/pfam/PF00366	/public/downloads/rps17.fa	524.0	/public/downloads/rps17.cif
rps18	Q1XDN1	Small ribosomal subunit protein bS18c		https://www.uniprot.org/uniprotkb/Q1XDN1/entry	PF01084	https://www.ebi.ac.uk/interpro/entry/pfam/PF01084	/public/downloads/rps18.fa	850.0	/public/downloads/rps18.cif
rps19	P51310	Small ribosomal subunit protein uS19c	Protein S19 forms a complex with S13 that binds strongly to the 16S ribosomal RNA	https://www.uniprot.org/uniprotkb/P51310/entry	PF00203	https://www.ebi.ac.uk/interpro/entry/pfam/PF00203	/public/downloads/rps19.fa	869.0	/public/downloads/rps19.cif
rps2	Q1XDN8	Small ribosomal subunit protein uS2c		https://www.uniprot.org/uniprotkb/Q1XDN8/entry	PF00318	https://www.ebi.ac.uk/interpro/entry/pfam/PF00318	/public/downloads/rps2.fa	859.0	/public/downloads/rps2.cif
rps20	Q1XDN4	Small ribosomal subunit protein bS20c	Binds directly to 16S ribosomal RNA	https://www.uniprot.org/uniprotkb/Q1XDN4/entry	PF01649	https://www.ebi.ac.uk/interpro/entry/pfam/PF01649	/public/downloads/rps20.fa	503.0	/public/downloads/rps20.cif
rps3	P51308	Small ribosomal subunit protein uS3c		https://www.uniprot.org/uniprotkb/P51308/entry	PF00189,PF07650	https://www.ebi.ac.uk/interpro/entry/pfam/PF00189,https://www.ebi.ac.uk/interpro/entry/pfam/PF07650	/public/downloads/rps3.fa	861.0	/public/downloads/rps3.cif
rps4	P51219	Small ribosomal subunit protein uS4c	One of the primary rRNA binding proteins, it binds directly to 16S rRNA where it nucleates assembly of the body of the 30S subunit With S5 and S12 plays an important role in translational accuracy	https://www.uniprot.org/uniprotkb/P51219/entry	PF00163,PF01479	https://www.ebi.ac.uk/interpro/entry/pfam/PF00163,https://www.ebi.ac.uk/interpro/entry/pfam/PF01479	/public/downloads/rps4.fa	885.0	/public/downloads/rps4.cif
rps5	P51298	Small ribosomal subunit protein uS5c	With S4 and S12 plays an important role in translational accuracy	https://www.uniprot.org/uniprotkb/P51298/entry	PF00333,PF03719	https://www.ebi.ac.uk/interpro/entry/pfam/PF00333,https://www.ebi.ac.uk/interpro/entry/pfam/PF03719	/public/downloads/rps5.fa	525.0	/public/downloads/rps5.cif
rps6	Q1XDC8	Small ribosomal subunit protein bS6c	Binds together with bS18 to 16S ribosomal RNA	https://www.uniprot.org/uniprotkb/Q1XDC8/entry	PF01250	https://www.ebi.ac.uk/interpro/entry/pfam/PF01250	/public/downloads/rps6.fa	476.0	/public/downloads/rps6.cif
rps7	P51288	Small ribosomal subunit protein uS7c	One of the primary rRNA binding proteins, it binds directly to 16S rRNA where it nucleates assembly of the head domain of the 30S subunit	https://www.uniprot.org/uniprotkb/P51288/entry	PF00177	https://www.ebi.ac.uk/interpro/entry/pfam/PF00177	/public/downloads/rps7.fa	879.0	/public/downloads/rps7.cif
rps8	P51301	Small ribosomal subunit protein uS8c	One of the primary rRNA binding proteins, it binds directly to 16S rRNA central domain where it helps coordinate assembly of the platform of the 30S subunit	https://www.uniprot.org/uniprotkb/P51301/entry	PF00410	https://www.ebi.ac.uk/interpro/entry/pfam/PF00410	/public/downloads/rps8.fa	870.0	/public/downloads/rps8.cif
rps9	Q1XDJ7	Small ribosomal subunit protein uS9c		https://www.uniprot.org/uniprotkb/Q1XDJ7/entry	PF00380	https://www.ebi.ac.uk/interpro/entry/pfam/PF00380	/public/downloads/rps9.fa	824.0	/public/downloads/rps9.cif
secA	P51381	Protein translocase subunit SecA	Has a central role in coupling the hydrolysis of ATP to the transfer of proteins across the thylakoid membrane	https://www.uniprot.org/uniprotkb/P51381/entry	PF00270,PF00271,PF01043,PF01947,PF07516,PF07517	https://www.ebi.ac.uk/interpro/entry/pfam/PF00270,https://www.ebi.ac.uk/interpro/entry/pfam/PF00271,https://www.ebi.ac.uk/interpro/entry/pfam/PF01043,https://www.ebi.ac.uk/interpro/entry/pfam/PF01947,https://www.ebi.ac.uk/interpro/entry/pfam/PF07516,https://www.ebi.ac.uk/interpro/entry/pfam/PF07517	/public/downloads/secA.fa	551.0	/public/downloads/secA.cif
secG	Q1XDL2	Probable protein-export membrane protein secG	Involved in protein export. Participates in an early event of protein translocation across the chloroplast thylakoid membrane (Potential)	https://www.uniprot.org/uniprotkb/Q1XDL2/entry	PF03840	https://www.ebi.ac.uk/interpro/entry/pfam/PF03840	/public/downloads/secG.fa	543.0	/public/downloads/secG.cif
secY	P51297	Protein translocase subunit SecY	The central subunit of the protein translocation channel SecYE. Consists of two halves formed by TMs 1-5 and 6-10. These two domains form a lateral gate at the front which open onto the bilayer between TMs 2 and 7, and are clamped together by SecE at the back. The channel is closed by both a pore ring composed of hydrophobic SecY resides and a short helix (helix 2A) on the extracellular side of the membrane which forms a plug	https://www.uniprot.org/uniprotkb/P51297/entry	PF00344	https://www.ebi.ac.uk/interpro/entry/pfam/PF00344	/public/downloads/secY.fa	525.0	/public/downloads/secY.cif
sufB_ycf24	A0A075W1K7	Iron-sulfur cluster assembly SufBD family protein ycf24		https://www.uniprot.org/uniprotkb/A0A075W1K7/entry	PF01458	https://www.ebi.ac.uk/interpro/entry/pfam/PF01458	/public/downloads/sufB_ycf24.fa	525.0	/public/downloads/sufB_ycf24.cif
sufC_ycf16	A0A075W022	Probable ATP-dependent transporter ycf16		https://www.uniprot.org/uniprotkb/A0A075W022/entry	PF00004,PF00005,PF00006,PF00009,PF00025,PF00154,PF00158,PF00308,PF00350,PF00437,PF00448,PF00485,PF00488,PF00910,PF00931,PF01078,PF01121,PF01580,PF01583,PF01637,PF01695,PF01712,PF01926,PF01935,PF02224,PF02283,PF02367,PF02421,PF02463,PF02492,PF03029,PF03193,PF03205,PF03215,PF03266,PF03308,PF03668,PF04548,PF04670,PF05272,PF05496,PF05621,PF05729,PF06414,PF07475,PF07728,PF07931,PF08477,PF09818,PF10662,PF11398,PF12128,PF12631,PF12846,PF13166,PF13173,PF13175,PF13191,PF13207,PF13238,PF13304,PF13401,PF13476,PF13479,PF13481,PF13514,PF13521,PF13555,PF13558,PF13604,PF13671	https://www.ebi.ac.uk/interpro/entry/pfam/PF00004,https://www.ebi.ac.uk/interpro/entry/pfam/PF00005,https://www.ebi.ac.uk/interpro/entry/pfam/PF00006,https://www.ebi.ac.uk/interpro/entry/pfam/PF00009,https://www.ebi.ac.uk/interpro/entry/pfam/PF00025,https://www.ebi.ac.uk/interpro/entry/pfam/PF00154,https://www.ebi.ac.uk/interpro/entry/pfam/PF00158,https://www.ebi.ac.uk/interpro/entry/pfam/PF00308,https://www.ebi.ac.uk/interpro/entry/pfam/PF00350,https://www.ebi.ac.uk/interpro/entry/pfam/PF00437,https://www.ebi.ac.uk/interpro/entry/pfam/PF00448,https://www.ebi.ac.uk/interpro/entry/pfam/PF00485,https://www.ebi.ac.uk/interpro/entry/pfam/PF00488,https://www.ebi.ac.uk/interpro/entry/pfam/PF00910,https://www.ebi.ac.uk/interpro/entry/pfam/PF00931,https://www.ebi.ac.uk/interpro/entry/pfam/PF01078,https://www.ebi.ac.uk/interpro/entry/pfam/PF01121,https://www.ebi.ac.uk/interpro/entry/pfam/PF01580,https://www.ebi.ac.uk/interpro/entry/pfam/PF01583,https://www.ebi.ac.uk/interpro/entry/pfam/PF01637,https://www.ebi.ac.uk/interpro/entry/pfam/PF01695,https://www.ebi.ac.uk/interpro/entry/pfam/PF01712,https://www.ebi.ac.uk/interpro/entry/pfam/PF01926,https://www.ebi.ac.uk/interpro/entry/pfam/PF01935,https://www.ebi.ac.uk/interpro/entry/pfam/PF02224,https://www.ebi.ac.uk/interpro/entry/pfam/PF02283,https://www.ebi.ac.uk/interpro/entry/pfam/PF02367,https://www.ebi.ac.uk/interpro/entry/pfam/PF02421,https://www.ebi.ac.uk/interpro/entry/pfam/PF02463,https://www.ebi.ac.uk/interpro/entry/pfam/PF02492,https://www.ebi.ac.uk/interpro/entry/pfam/PF03029,https://www.ebi.ac.uk/interpro/entry/pfam/PF03193,https://www.ebi.ac.uk/interpro/entry/pfam/PF03205,https://www.ebi.ac.uk/interpro/entry/pfam/PF03215,https://www.ebi.ac.uk/interpro/entry/pfam/PF03266,https://www.ebi.ac.uk/interpro/entry/pfam/PF03308,https://www.ebi.ac.uk/interpro/entry/pfam/PF03668,https://www.ebi.ac.uk/interpro/entry/pfam/PF04548,https://www.ebi.ac.uk/interpro/entry/pfam/PF04670,https://www.ebi.ac.uk/interpro/entry/pfam/PF05272,https://www.ebi.ac.uk/interpro/entry/pfam/PF05496,https://www.ebi.ac.uk/interpro/entry/pfam/PF05621,https://www.ebi.ac.uk/interpro/entry/pfam/PF05729,https://www.ebi.ac.uk/interpro/entry/pfam/PF06414,https://www.ebi.ac.uk/interpro/entry/pfam/PF07475,https://www.ebi.ac.uk/interpro/entry/pfam/PF07728,https://www.ebi.ac.uk/interpro/entry/pfam/PF07931,https://www.ebi.ac.uk/interpro/entry/pfam/PF08477,https://www.ebi.ac.uk/interpro/entry/pfam/PF09818,https://www.ebi.ac.uk/interpro/entry/pfam/PF10662,https://www.ebi.ac.uk/interpro/entry/pfam/PF11398,https://www.ebi.ac.uk/interpro/entry/pfam/PF12128,https://www.ebi.ac.uk/interpro/entry/pfam/PF12631,https://www.ebi.ac.uk/interpro/entry/pfam/PF12846,https://www.ebi.ac.uk/interpro/entry/pfam/PF13166,https://www.ebi.ac.uk/interpro/entry/pfam/PF13173,https://www.ebi.ac.uk/interpro/entry/pfam/PF13175,https://www.ebi.ac.uk/interpro/entry/pfam/PF13191,https://www.ebi.ac.uk/interpro/entry/pfam/PF13207,https://www.ebi.ac.uk/interpro/entry/pfam/PF13238,https://www.ebi.ac.uk/interpro/entry/pfam/PF13304,https://www.ebi.ac.uk/interpro/entry/pfam/PF13401,https://www.ebi.ac.uk/interpro/entry/pfam/PF13476,https://www.ebi.ac.uk/interpro/entry/pfam/PF13479,https://www.ebi.ac.uk/interpro/entry/pfam/PF13481,https://www.ebi.ac.uk/interpro/entry/pfam/PF13514,https://www.ebi.ac.uk/interpro/entry/pfam/PF13521,https://www.ebi.ac.uk/interpro/entry/pfam/PF13555,https://www.ebi.ac.uk/interpro/entry/pfam/PF13558,https://www.ebi.ac.uk/interpro/entry/pfam/PF13604,https://www.ebi.ac.uk/interpro/entry/pfam/PF13671	/public/downloads/sufC_ycf16.fa	677.0	/public/downloads/sufC_ycf16.cif
syfB	A0A059X7I9	Phenylalanine--tRNA ligase beta subunit		https://www.uniprot.org/uniprotkb/A0A059X7I9/entry	PF01409,PF03147,PF03483,PF03484	https://www.ebi.ac.uk/interpro/entry/pfam/PF01409,https://www.ebi.ac.uk/interpro/entry/pfam/PF03147,https://www.ebi.ac.uk/interpro/entry/pfam/PF03483,https://www.ebi.ac.uk/interpro/entry/pfam/PF03484	/public/downloads/syfB.fa	348.0	/public/downloads/syfB.cif
syh	P51348	Histidine--tRNA ligase, chloroplastic		https://www.uniprot.org/uniprotkb/P51348/entry	PF00152,PF00587,PF13393	https://www.ebi.ac.uk/interpro/entry/pfam/PF00152,https://www.ebi.ac.uk/interpro/entry/pfam/PF00587,https://www.ebi.ac.uk/interpro/entry/pfam/PF13393	/public/downloads/syh.fa	255.0	/public/downloads/syh.cif
tatC	O99992	Sec-independent protein translocase protein TATC, chloroplastic		https://www.uniprot.org/uniprotkb/O99992/entry	PF00902	https://www.ebi.ac.uk/interpro/entry/pfam/PF00902	/public/downloads/tatC.fa	518.0	/public/downloads/tatC.cif
thdF	Q9TLX6	Probable tRNA modification GTPase MnmE	Exhibits a very high intrinsic GTPase hydrolysis rate. Involved in the addition of a carboxymethylaminomethyl (cmnm) group at the wobble position (U34) of certain tRNAs, forming tRNA-cmnm(5)s(2)U34	https://www.uniprot.org/uniprotkb/Q9TLX6/entry	PF00005,PF00009,PF00025,PF00071,PF00350,PF00493,PF00625,PF01926,PF02421,PF02492,PF03029,PF03193,PF03308,PF04548,PF04670,PF08477,PF10396,PF10662,PF12631,PF13521	https://www.ebi.ac.uk/interpro/entry/pfam/PF00005,https://www.ebi.ac.uk/interpro/entry/pfam/PF00009,https://www.ebi.ac.uk/interpro/entry/pfam/PF00025,https://www.ebi.ac.uk/interpro/entry/pfam/PF00071,https://www.ebi.ac.uk/interpro/entry/pfam/PF00350,https://www.ebi.ac.uk/interpro/entry/pfam/PF00493,https://www.ebi.ac.uk/interpro/entry/pfam/PF00625,https://www.ebi.ac.uk/interpro/entry/pfam/PF01926,https://www.ebi.ac.uk/interpro/entry/pfam/PF02421,https://www.ebi.ac.uk/interpro/entry/pfam/PF02492,https://www.ebi.ac.uk/interpro/entry/pfam/PF03029,https://www.ebi.ac.uk/interpro/entry/pfam/PF03193,https://www.ebi.ac.uk/interpro/entry/pfam/PF03308,https://www.ebi.ac.uk/interpro/entry/pfam/PF04548,https://www.ebi.ac.uk/interpro/entry/pfam/PF04670,https://www.ebi.ac.uk/interpro/entry/pfam/PF08477,https://www.ebi.ac.uk/interpro/entry/pfam/PF10396,https://www.ebi.ac.uk/interpro/entry/pfam/PF10662,https://www.ebi.ac.uk/interpro/entry/pfam/PF12631,https://www.ebi.ac.uk/interpro/entry/pfam/PF13521	/public/downloads/thdF.fa	10.0	/public/downloads/thdF.cif
thiG	Q1XDC6	Thiazole synthase	Catalyzes the rearrangement of 1-deoxy-D-xylulose 5-phosphate (DXP) to produce the thiazole phosphate moiety of thiamine. Sulfur is provided by the thiocarboxylate moiety of the carrier protein ThiS. In vitro, sulfur can be provided by H(2)S	https://www.uniprot.org/uniprotkb/Q1XDC6/entry	PF00478,PF00977,PF01070,PF01207,PF04131,PF05690	https://www.ebi.ac.uk/interpro/entry/pfam/PF00478,https://www.ebi.ac.uk/interpro/entry/pfam/PF00977,https://www.ebi.ac.uk/interpro/entry/pfam/PF01070,https://www.ebi.ac.uk/interpro/entry/pfam/PF01207,https://www.ebi.ac.uk/interpro/entry/pfam/PF04131,https://www.ebi.ac.uk/interpro/entry/pfam/PF05690	/public/downloads/thiG.fa	486.0	/public/downloads/thiG.cif
thiS	P51212	Photosystem II protein D1	Photosystem II (PSII) is a light-driven water:plastoquinone oxidoreductase that uses light energy to abstract electrons from H(2)O, generating O(2) and a proton gradient subsequently used for ATP formation. It consists of a core antenna complex that captures photons, and an electron transfer chain that converts photonic excitation into a charge separation. The D1/D2 (PsbA/PsbD) reaction center heterodimer binds P680, the primary electron donor of PSII as well as several subsequent electron acceptors	https://www.uniprot.org/uniprotkb/P51212/entry	PF02597,PF14453	https://www.ebi.ac.uk/interpro/entry/pfam/PF02597,https://www.ebi.ac.uk/interpro/entry/pfam/PF14453	/public/downloads/thiS.fa	459.0	/public/downloads/thiS.cif
tilS_ycf62	Q9MUR3	tRNA(Ile)-lysidine synthase, chloroplastic	Ligates lysine onto the cytidine present at position 34 of the AUA codon-specific tRNA(Ile) that contains the anticodon CAU, in an ATP-dependent manner. Cytidine is converted to lysidine, thus changing the amino acid specificity of the tRNA from methionine to isoleucine	https://www.uniprot.org/uniprotkb/Q9MUR3/entry	PF01171,PF02540,PF03054,PF06508	https://www.ebi.ac.uk/interpro/entry/pfam/PF01171,https://www.ebi.ac.uk/interpro/entry/pfam/PF02540,https://www.ebi.ac.uk/interpro/entry/pfam/PF03054,https://www.ebi.ac.uk/interpro/entry/pfam/PF06508	/public/downloads/tilS_ycf62.fa	389.0	/public/downloads/tilS_ycf62.cif
trpA	P51382	Tryptophan synthase alpha chain	The alpha subunit is responsible for the aldol cleavage of indoleglycerol phosphate to indole and glyceraldehyde 3-phosphate	https://www.uniprot.org/uniprotkb/P51382/entry	PF00290,PF01884	https://www.ebi.ac.uk/interpro/entry/pfam/PF00290,https://www.ebi.ac.uk/interpro/entry/pfam/PF01884	/public/downloads/trpA.fa	259.0	/public/downloads/trpA.cif
trpG	P51362	Anthranilate synthase component 2		https://www.uniprot.org/uniprotkb/P51362/entry	PF00117,PF00958,PF01171,PF02540,PF03054,PF07722	https://www.ebi.ac.uk/interpro/entry/pfam/PF00117,https://www.ebi.ac.uk/interpro/entry/pfam/PF00958,https://www.ebi.ac.uk/interpro/entry/pfam/PF01171,https://www.ebi.ac.uk/interpro/entry/pfam/PF02540,https://www.ebi.ac.uk/interpro/entry/pfam/PF03054,https://www.ebi.ac.uk/interpro/entry/pfam/PF07722	/public/downloads/trpG.fa	271.0	/public/downloads/trpG.cif
trxA	P51225	Thioredoxin	Participates in various redox reactions through the reversible oxidation of its active center dithiol to a disulfide and catalyzes dithiol-disulfide exchange reactions	https://www.uniprot.org/uniprotkb/P51225/entry	PF00085,PF00255,PF00462,PF00578,PF05768,PF08534,PF13098,PF13192,PF13728,PF13899,PF13905,PF14595	https://www.ebi.ac.uk/interpro/entry/pfam/PF00085,https://www.ebi.ac.uk/interpro/entry/pfam/PF00255,https://www.ebi.ac.uk/interpro/entry/pfam/PF00462,https://www.ebi.ac.uk/interpro/entry/pfam/PF00578,https://www.ebi.ac.uk/interpro/entry/pfam/PF05768,https://www.ebi.ac.uk/interpro/entry/pfam/PF08534,https://www.ebi.ac.uk/interpro/entry/pfam/PF13098,https://www.ebi.ac.uk/interpro/entry/pfam/PF13192,https://www.ebi.ac.uk/interpro/entry/pfam/PF13728,https://www.ebi.ac.uk/interpro/entry/pfam/PF13899,https://www.ebi.ac.uk/interpro/entry/pfam/PF13905,https://www.ebi.ac.uk/interpro/entry/pfam/PF14595	/public/downloads/trxA.fa	251.0	/public/downloads/trxA.cif
tsf	Q1XDN9	Elongation factor Ts, chloroplastic	Associates with the EF-Tu.GDP complex and induces the exchange of GDP to GTP. It remains bound to the aminoacyl-tRNA.EF-Tu.GTP complex up to the GTP hydrolysis stage on the ribosome	https://www.uniprot.org/uniprotkb/Q1XDN9/entry	PF00627,PF00889	https://www.ebi.ac.uk/interpro/entry/pfam/PF00627,https://www.ebi.ac.uk/interpro/entry/pfam/PF00889	/public/downloads/tsf.fa	350.0	/public/downloads/tsf.cif
tufA	P51287	Elongation factor Tu, chloroplastic	GTP hydrolase that promotes the GTP-dependent binding of aminoacyl-tRNA to the A-site of ribosomes during protein biosynthesis	https://www.uniprot.org/uniprotkb/P51287/entry	PF00009,PF00025,PF00071,PF00448,PF01926,PF02421,PF03029,PF03143,PF03144,PF10662,PF12631	https://www.ebi.ac.uk/interpro/entry/pfam/PF00009,https://www.ebi.ac.uk/interpro/entry/pfam/PF00025,https://www.ebi.ac.uk/interpro/entry/pfam/PF00071,https://www.ebi.ac.uk/interpro/entry/pfam/PF00448,https://www.ebi.ac.uk/interpro/entry/pfam/PF01926,https://www.ebi.ac.uk/interpro/entry/pfam/PF02421,https://www.ebi.ac.uk/interpro/entry/pfam/PF03029,https://www.ebi.ac.uk/interpro/entry/pfam/PF03143,https://www.ebi.ac.uk/interpro/entry/pfam/PF03144,https://www.ebi.ac.uk/interpro/entry/pfam/PF10662,https://www.ebi.ac.uk/interpro/entry/pfam/PF12631	/public/downloads/tufA.fa	860.0	/public/downloads/tufA.cif
ycf1	Q9TKU7	Uncharacterized membrane protein ycf78		https://www.uniprot.org/uniprotkb/Q9TKU7/entry	PF01810,PF05758	https://www.ebi.ac.uk/interpro/entry/pfam/PF01810,https://www.ebi.ac.uk/interpro/entry/pfam/PF05758	/public/downloads/ycf1.fa	259.0	/public/downloads/ycf1.cif
ycf19_ycf89	P28255	Uncharacterized protein ycf19		https://www.uniprot.org/uniprotkb/P28255/entry	PF02325	https://www.ebi.ac.uk/interpro/entry/pfam/PF02325	/public/downloads/ycf19_ycf89.fa	641.0	/public/downloads/ycf19_ycf89.cif
ycf20	P51214	Uncharacterized protein ycf20		https://www.uniprot.org/uniprotkb/P51214/entry	PF04483	https://www.ebi.ac.uk/interpro/entry/pfam/PF04483	/public/downloads/ycf20.fa	435.0	/public/downloads/ycf20.cif
ycf21	Q1XDA7	Uncharacterized protein ycf21		https://www.uniprot.org/uniprotkb/Q1XDA7/entry	PF01947	https://www.ebi.ac.uk/interpro/entry/pfam/PF01947	/public/downloads/ycf21.fa	215.0	/public/downloads/ycf21.cif
ycf22	P51372	Uncharacterized protein ycf22		https://www.uniprot.org/uniprotkb/P51372/entry	PF02470	https://www.ebi.ac.uk/interpro/entry/pfam/PF02470	/public/downloads/ycf22.fa	216.0	/public/downloads/ycf22.cif
ycf23	P51373	Uncharacterized protein ycf23		https://www.uniprot.org/uniprotkb/P51373/entry	PF00977,PF04481	https://www.ebi.ac.uk/interpro/entry/pfam/PF00977,https://www.ebi.ac.uk/interpro/entry/pfam/PF04481	/public/downloads/ycf23.fa	224.0	/public/downloads/ycf23.cif
ycf26_dfr	A0A141SDJ7	Uncharacterized sensor-like histidine kinase ycf26		https://www.uniprot.org/uniprotkb/A0A141SDJ7/entry	PF00512,PF00672,PF00989,PF02518,PF08448,PF13188,PF13426,PF13581,PF13596	https://www.ebi.ac.uk/interpro/entry/pfam/PF00512,https://www.ebi.ac.uk/interpro/entry/pfam/PF00672,https://www.ebi.ac.uk/interpro/entry/pfam/PF00989,https://www.ebi.ac.uk/interpro/entry/pfam/PF02518,https://www.ebi.ac.uk/interpro/entry/pfam/PF08448,https://www.ebi.ac.uk/interpro/entry/pfam/PF13188,https://www.ebi.ac.uk/interpro/entry/pfam/PF13426,https://www.ebi.ac.uk/interpro/entry/pfam/PF13581,https://www.ebi.ac.uk/interpro/entry/pfam/PF13596	/public/downloads/ycf26_dfr.fa	183.0	/public/downloads/ycf26_dfr.cif
ycf3	P51258	Photosystem I assembly protein Ycf3	Essential for the assembly of the photosystem I (PSI) complex. May act as a chaperone-like factor to guide the assembly of the PSI subunits	https://www.uniprot.org/uniprotkb/P51258/entry	PF00515,PF07719,PF08238,PF13176,PF13181,PF13374,PF13414,PF13424,PF13428,PF13431,PF13432,PF14559	https://www.ebi.ac.uk/interpro/entry/pfam/PF00515,https://www.ebi.ac.uk/interpro/entry/pfam/PF07719,https://www.ebi.ac.uk/interpro/entry/pfam/PF08238,https://www.ebi.ac.uk/interpro/entry/pfam/PF13176,https://www.ebi.ac.uk/interpro/entry/pfam/PF13181,https://www.ebi.ac.uk/interpro/entry/pfam/PF13374,https://www.ebi.ac.uk/interpro/entry/pfam/PF13414,https://www.ebi.ac.uk/interpro/entry/pfam/PF13424,https://www.ebi.ac.uk/interpro/entry/pfam/PF13428,https://www.ebi.ac.uk/interpro/entry/pfam/PF13431,https://www.ebi.ac.uk/interpro/entry/pfam/PF13432,https://www.ebi.ac.uk/interpro/entry/pfam/PF14559	/public/downloads/ycf3.fa	804.0	/public/downloads/ycf3.cif
ycf33	P51329	Uncharacterized protein ycf33		https://www.uniprot.org/uniprotkb/P51329/entry	PF05421	https://www.ebi.ac.uk/interpro/entry/pfam/PF05421	/public/downloads/ycf33.fa	444.0	/public/downloads/ycf33.cif
ycf34	P51229	Uncharacterized protein ycf34		https://www.uniprot.org/uniprotkb/P51229/entry	PF10718	https://www.ebi.ac.uk/interpro/entry/pfam/PF10718	/public/downloads/ycf34.fa	278.0	/public/downloads/ycf34.cif
ycf35	P51213	Uncharacterized protein ycf35		https://www.uniprot.org/uniprotkb/P51213/entry	PF06868	https://www.ebi.ac.uk/interpro/entry/pfam/PF06868	/public/downloads/ycf35.fa	443.0	/public/downloads/ycf35.cif
ycf36	P51273	Uncharacterized protein ycf36		https://www.uniprot.org/uniprotkb/P51273/entry	PF06799	https://www.ebi.ac.uk/interpro/entry/pfam/PF06799	/public/downloads/ycf36.fa	299.0	/public/downloads/ycf36.cif
ycf37	P51191	Uncharacterized protein ycf37		https://www.uniprot.org/uniprotkb/P51191/entry	PF00515,PF07719,PF13176,PF13181,PF13414,PF13424,PF13428,PF13431,PF13432,PF14559	https://www.ebi.ac.uk/interpro/entry/pfam/PF00515,https://www.ebi.ac.uk/interpro/entry/pfam/PF07719,https://www.ebi.ac.uk/interpro/entry/pfam/PF13176,https://www.ebi.ac.uk/interpro/entry/pfam/PF13181,https://www.ebi.ac.uk/interpro/entry/pfam/PF13414,https://www.ebi.ac.uk/interpro/entry/pfam/PF13424,https://www.ebi.ac.uk/interpro/entry/pfam/PF13428,https://www.ebi.ac.uk/interpro/entry/pfam/PF13431,https://www.ebi.ac.uk/interpro/entry/pfam/PF13432,https://www.ebi.ac.uk/interpro/entry/pfam/PF14559	/public/downloads/ycf37.fa	298.0	/public/downloads/ycf37.cif
ycf38	Q1XDG5	Putative transport permease ycf38		https://www.uniprot.org/uniprotkb/Q1XDG5/entry	PF01061,PF12698	https://www.ebi.ac.uk/interpro/entry/pfam/PF01061,https://www.ebi.ac.uk/interpro/entry/pfam/PF12698	/public/downloads/ycf38.fa	263.0	/public/downloads/ycf38.cif
ycf39	P51238	Photosystem II assembly factor Ycf39	Involved in assembly of photosystem II	https://www.uniprot.org/uniprotkb/P51238/entry	PF01073,PF01113,PF01370,PF02571,PF02719,PF04321,PF05368,PF07993,PF13460	https://www.ebi.ac.uk/interpro/entry/pfam/PF01073,https://www.ebi.ac.uk/interpro/entry/pfam/PF01113,https://www.ebi.ac.uk/interpro/entry/pfam/PF01370,https://www.ebi.ac.uk/interpro/entry/pfam/PF02571,https://www.ebi.ac.uk/interpro/entry/pfam/PF02719,https://www.ebi.ac.uk/interpro/entry/pfam/PF04321,https://www.ebi.ac.uk/interpro/entry/pfam/PF05368,https://www.ebi.ac.uk/interpro/entry/pfam/PF07993,https://www.ebi.ac.uk/interpro/entry/pfam/PF13460	/public/downloads/ycf39.fa	492.0	/public/downloads/ycf39.cif
ycf4	P51220	Photosystem I assembly protein Ycf4	Seems to be required for the assembly of the photosystem I complex	https://www.uniprot.org/uniprotkb/P51220/entry	PF02392	https://www.ebi.ac.uk/interpro/entry/pfam/PF02392	/public/downloads/ycf4.fa	835.0	/public/downloads/ycf4.cif
ycf41	P51237	Putative single-stranded DNA-binding protein ycf41		https://www.uniprot.org/uniprotkb/P51237/entry	PF00436	https://www.ebi.ac.uk/interpro/entry/pfam/PF00436	/public/downloads/ycf41.fa	309.0	/public/downloads/ycf41.cif
ycf45	P51281	Uncharacterized protein ycf45		https://www.uniprot.org/uniprotkb/P51281/entry	PF00004,PF00448,PF00910,PF01078,PF01424,PF01443,PF01695,PF01926,PF02374,PF03215,PF03266,PF05496,PF06414,PF07088,PF07724,PF07726,PF07728,PF08433,PF08477,PF10412,PF13086,PF13191,PF13207,PF13238,PF13245,PF13401,PF13479,PF13521,PF13604,PF13614	https://www.ebi.ac.uk/interpro/entry/pfam/PF00004,https://www.ebi.ac.uk/interpro/entry/pfam/PF00448,https://www.ebi.ac.uk/interpro/entry/pfam/PF00910,https://www.ebi.ac.uk/interpro/entry/pfam/PF01078,https://www.ebi.ac.uk/interpro/entry/pfam/PF01424,https://www.ebi.ac.uk/interpro/entry/pfam/PF01443,https://www.ebi.ac.uk/interpro/entry/pfam/PF01695,https://www.ebi.ac.uk/interpro/entry/pfam/PF01926,https://www.ebi.ac.uk/interpro/entry/pfam/PF02374,https://www.ebi.ac.uk/interpro/entry/pfam/PF03215,https://www.ebi.ac.uk/interpro/entry/pfam/PF03266,https://www.ebi.ac.uk/interpro/entry/pfam/PF05496,https://www.ebi.ac.uk/interpro/entry/pfam/PF06414,https://www.ebi.ac.uk/interpro/entry/pfam/PF07088,https://www.ebi.ac.uk/interpro/entry/pfam/PF07724,https://www.ebi.ac.uk/interpro/entry/pfam/PF07726,https://www.ebi.ac.uk/interpro/entry/pfam/PF07728,https://www.ebi.ac.uk/interpro/entry/pfam/PF08433,https://www.ebi.ac.uk/interpro/entry/pfam/PF08477,https://www.ebi.ac.uk/interpro/entry/pfam/PF10412,https://www.ebi.ac.uk/interpro/entry/pfam/PF13086,https://www.ebi.ac.uk/interpro/entry/pfam/PF13191,https://www.ebi.ac.uk/interpro/entry/pfam/PF13207,https://www.ebi.ac.uk/interpro/entry/pfam/PF13238,https://www.ebi.ac.uk/interpro/entry/pfam/PF13245,https://www.ebi.ac.uk/interpro/entry/pfam/PF13401,https://www.ebi.ac.uk/interpro/entry/pfam/PF13479,https://www.ebi.ac.uk/interpro/entry/pfam/PF13521,https://www.ebi.ac.uk/interpro/entry/pfam/PF13604,https://www.ebi.ac.uk/interpro/entry/pfam/PF13614	/public/downloads/ycf45.fa	442.0	/public/downloads/ycf45.cif
ycf49	Q9TM45	Uncharacterized protein ycf19		https://www.uniprot.org/uniprotkb/Q9TM45/entry	PF10693	https://www.ebi.ac.uk/interpro/entry/pfam/PF10693	/public/downloads/ycf49.fa	34.0	/public/downloads/ycf49.cif
ycf52	P51192	Uncharacterized N-acetyltransferase ycf52		https://www.uniprot.org/uniprotkb/P51192/entry	PF00583,PF08445,PF12746,PF13302,PF13508,PF13527,PF13673,PF14542	https://www.ebi.ac.uk/interpro/entry/pfam/PF00583,https://www.ebi.ac.uk/interpro/entry/pfam/PF08445,https://www.ebi.ac.uk/interpro/entry/pfam/PF12746,https://www.ebi.ac.uk/interpro/entry/pfam/PF13302,https://www.ebi.ac.uk/interpro/entry/pfam/PF13508,https://www.ebi.ac.uk/interpro/entry/pfam/PF13527,https://www.ebi.ac.uk/interpro/entry/pfam/PF13673,https://www.ebi.ac.uk/interpro/entry/pfam/PF14542	/public/downloads/ycf52.fa	257.0	/public/downloads/ycf52.cif
ycf53	P51202	Uncharacterized protein ycf53		https://www.uniprot.org/uniprotkb/P51202/entry	PF05419	https://www.ebi.ac.uk/interpro/entry/pfam/PF05419	/public/downloads/ycf53.fa	251.0	/public/downloads/ycf53.cif
ycf54	Q1XDT3	Uncharacterized protein ycf54		https://www.uniprot.org/uniprotkb/Q1XDT3/entry	PF10674	https://www.ebi.ac.uk/interpro/entry/pfam/PF10674	/public/downloads/ycf54.fa	322.0	/public/downloads/ycf54.cif
ycf55	P51203	Uncharacterized protein ycf55		https://www.uniprot.org/uniprotkb/P51203/entry	PF12452	https://www.ebi.ac.uk/interpro/entry/pfam/PF12452	/public/downloads/ycf55.fa	259.0	/public/downloads/ycf55.cif
ycf58	P51235	Chromophore lyase CpcS/CpeS homolog	Might function to covalently attach a chromophore to Cys residue(s) of phycobiliproteins	https://www.uniprot.org/uniprotkb/P51235/entry	PF09367	https://www.ebi.ac.uk/interpro/entry/pfam/PF09367	/public/downloads/ycf58.fa	237.0	/public/downloads/ycf58.cif
ycf60	P51360	Tic20 family protein Ycf60		https://www.uniprot.org/uniprotkb/P51360/entry	PF16166	https://www.ebi.ac.uk/interpro/entry/pfam/PF16166	/public/downloads/ycf60.fa	304.0	/public/downloads/ycf60.cif
ycf63	Q1XD94	Probable ABC transporter permease protein ycf63	Could be part of an ABC transporter complex	https://www.uniprot.org/uniprotkb/Q1XD94/entry	PF02405	https://www.ebi.ac.uk/interpro/entry/pfam/PF02405	/public/downloads/ycf63.fa	212.0	/public/downloads/ycf63.cif
ycf65	P51351	Small ribosomal subunit protein cS23	Probably a ribosomal protein or a ribosome-associated protein	https://www.uniprot.org/uniprotkb/P51351/entry	PF04839	https://www.ebi.ac.uk/interpro/entry/pfam/PF04839	/public/downloads/ycf65.fa	357.0	/public/downloads/ycf65.cif
ycf66	Q9MUQ8	Uncharacterized protein ycf66		https://www.uniprot.org/uniprotkb/Q9MUQ8/entry	PF07444	https://www.ebi.ac.uk/interpro/entry/pfam/PF07444	/public/downloads/ycf66.fa	240.0	/public/downloads/ycf66.cif
ycf82	P58145	Ribosomal operon-associated A protein		https://www.uniprot.org/uniprotkb/P58145/entry	PF00534,PF13439,PF13477,PF13579,PF13692	https://www.ebi.ac.uk/interpro/entry/pfam/PF00534,https://www.ebi.ac.uk/interpro/entry/pfam/PF13439,https://www.ebi.ac.uk/interpro/entry/pfam/PF13477,https://www.ebi.ac.uk/interpro/entry/pfam/PF13579,https://www.ebi.ac.uk/interpro/entry/pfam/PF13692	/public/downloads/ycf82.fa	12.0	/public/downloads/ycf82.cif
ycf84	Q9TLY0	Permease YjgP/YjgQ family protein		https://www.uniprot.org/uniprotkb/Q9TLY0/entry	PF03739	https://www.ebi.ac.uk/interpro/entry/pfam/PF03739	/public/downloads/ycf84.fa	11.0	/public/downloads/ycf84.cif
